,nama_motor,lokasi,harga,kapasitas_mesin,tahun,transmisi,kilometer,merk
0,Yamaha Nmax Abs,9,23500000.0,155,2018.0,1,3,4
1,Yamaha Aerox 155 Vva,9,23500000.0,155,2018.0,2,3,4
2,Yamaha Nmax Abs,9,24500000.0,125,2019.0,1,5,4
3,Yamaha Nmax Abs,9,23500000.0,155,2018.0,1,5,4
4,Yamaha Nmax Abs,9,23500000.0,155,2019.0,1,5,4
5,Yamaha Lexi S,13,17800000.0,125,2019.0,2,5,4
6,Yamaha Jupiter Mx Cw,13,12500000.0,125,2017.0,1,5,4
7,Yamaha All New Nmax 155,13,27300000.0,155,2019.0,2,5,4
8,Yamaha Nmax Abs,13,27300000.0,155,2019.0,2,5,4
9,Yamaha Fino Sporty,13,14800000.0,125,2018.0,2,5,4
10,Yamaha Gear 125,13,17500000.0,125,2022.0,2,4,4
11,Yamaha Gear 125 S-version,13,17500000.0,125,2022.0,2,4,4
12,Yamaha Nmax Abs,9,24500000.0,155,2018.0,1,5,4
13,Yamaha Aerox 155 Vva,9,24500000.0,125,2018.0,1,5,4
14,Yamaha All New Xsr 155,9,31900000.0,155,2022.0,1,2,4
15,Yamaha R15 Gp Tech 3,13,24500000.0,155,2018.0,1,5,4
16,Yamaha Scorpio G,13,13900000.0,220,2016.0,1,5,4
17,Yamaha Vixion Extreme,13,13800000.0,150,2017.0,1,5,4
18,Yamaha Vixion Extreme,13,13800000.0,150,2017.0,1,5,4
19,Yamaha R15 Gp Movistar,10,14850000.0,155,2015.0,1,5,4
20,Yamaha R15,10,14855000.0,150,2015.0,1,5,4
21,Yamaha Aerox 155 Vva,6,20500000.0,155,2018.0,2,3,4
22,Yamaha All New R15 155 Vva,6,25500000.0,155,2018.0,2,3,4
23,Yamaha Mio Z 125,6,9300000.0,125,2017.0,2,3,4
24,Yamaha All New Nmax 155,6,26000000.0,155,2019.0,2,3,4
25,Yamaha Lexi S,6,19500000.0,125,2019.0,2,3,4
26,Yamaha WR 155 R,1,32500000.0,155,2020.0,1,4,4
27,Yamaha All New Nmax 155,9,21500000.0,155,2016.0,2,5,4
28,Yamaha Nmax Abs,4,22500000.0,155,2017.0,2,5,4
29,Yamaha Lexi S,9,20600000.0,125,2019.0,2,5,4
30,Yamaha Mio Cw,6,12700000.0,125,2018.0,2,3,4
31,Yamaha All New Nmax 155,6,27000000.0,155,2019.0,2,4,4
32,Yamaha All New Nmax 155 Abs,6,33000000.0,155,2021.0,2,4,4
33,Yamaha Freego,6,17300000.0,125,2019.0,2,3,4
34,Yamaha Nmax Abs,9,24500000.0,155,2019.0,1,3,4
35,Yamaha Nmax Abs,9,24500000.0,155,2018.0,1,5,4
36,Yamaha Nmax Abs,9,23500000.0,155,2019.0,2,5,4
37,Yamaha Nmax Abs,4,24500000.0,125,2019.0,2,5,4
38,Yamaha Nmax Abs,10,25850000.0,155,2019.0,2,5,4
39,Yamaha Aerox 155 Vva-s,10,21850000.0,155,2018.0,2,5,4
40,Yamaha Nmax Abs,10,25850000.0,155,2019.0,2,3,4
41,Yamaha Aerox 155 Vva-s,9,28500000.0,155,2020.0,2,3,4
42,Yamaha Freego,11,15000000.0,125,2019.0,2,5,4
43,Yamaha Nmax Abs,4,24500000.0,155,2019.0,2,3,4
44,Yamaha Lexi,11,18300000.0,125,2019.0,2,5,4
45,Yamaha Aerox 155 Vva,9,24500000.0,125,2019.0,1,5,4
46,Yamaha Aerox 155 Vva-s,10,21500000.0,155,2018.0,2,3,4
47,Yamaha New Mio M3 Cw,10,9850000.0,125,2015.0,2,3,4
48,Yamaha Nmax Abs,9,22500000.0,155,2017.0,2,3,4
49,Yamaha Lexi,11,17300000.0,125,2018.0,2,5,4
50,Yamaha N Max,11,24400000.0,155,2018.0,2,5,4
51,Yamaha Mio,9,9500000.0,125,2017.0,2,3,4
52,Yamaha Nmax Abs,10,23400000.0,155,2018.0,2,3,4
53,Yamaha Nmax Abs,10,26700000.0,155,2021.0,2,3,4
54,Yamaha R15 Gp Movistar,10,19700000.0,150,2017.0,1,3,4
55,Yamaha All New Nmax 155,9,22800000.0,155,2017.0,2,5,4
56,Yamaha All New Nmax 155,9,22900000.0,155,2017.0,2,5,4
57,Yamaha New Vixion,6,15800000.0,155,2017.0,1,4,4
58,Yamaha Lexi,4,17900000.0,125,2019.0,2,5,4
59,Yamaha Nmax Abs,4,24500000.0,155,2019.0,2,5,4
60,Yamaha Aerox 155 Vva,6,20500000.0,155,2018.0,2,3,4
61,Yamaha Nmax Abs,9,27500000.0,155,2019.0,2,2,4
62,Yamaha Nmax Abs,9,24300000.0,155,2018.0,2,5,4
63,Yamaha Aerox 155 Vva,4,23500000.0,125,2019.0,1,3,4
64,Yamaha Aerox 155 Vva,4,24500000.0,125,2018.0,1,5,4
65,Yamaha Nmax Abs,11,25000000.0,155,2019.0,2,3,4
66,Yamaha Nmax Abs,9,23500000.0,155,2019.0,2,3,4
68,Yamaha Nmax Abs,9,24500000.0,125,2019.0,2,5,4
69,Yamaha Aerox 155 Vva,9,23500000.0,125,2019.0,2,5,4
70,Yamaha Aerox 155 Vva,10,20000000.0,155,2018.0,2,5,4
71,Yamaha Nmax Abs,10,23000000.0,155,2018.0,2,3,4
72,Yamaha Nmax Abs,4,22800000.0,155,2017.0,2,5,4
73,Yamaha All New X-ride 125,9,12960000.0,125,2019.0,2,3,4
74,Yamaha Aerox 155 Vva,9,23500000.0,155,2018.0,2,5,4
75,Yamaha Aerox 155 Vva,4,24500000.0,125,2019.0,1,3,4
76,Yamaha Aerox 155 Vva,9,23500000.0,155,2019.0,1,3,4
77,Yamaha Aerox 155 Vva,9,23500000.0,155,2018.0,2,3,4
78,Yamaha Aerox 155 Vva-s,9,25500000.0,155,2020.0,2,5,4
79,Yamaha Aerox 155 Vva,9,23000000.0,155,2020.0,2,3,4
80,Yamaha Lexi,4,16500000.0,125,2018.0,2,4,4
81,Yamaha Nmax Abs,4,23500000.0,125,2019.0,1,5,4
82,Yamaha Aerox 155 Vva,4,23500000.0,125,2019.0,2,3,4
83,Yamaha Aerox 155 Vva,9,23500000.0,125,2019.0,1,3,4
84,Yamaha Nmax Special Custom,9,25500000.0,155,2020.0,2,3,4
85,Yamaha Nmax Abs,9,28500000.0,155,2021.0,2,3,4
86,Yamaha Nmax Special Custom,9,23500000.0,155,2018.0,2,3,4
87,Yamaha Aerox 155 Vva,9,19500000.0,155,2017.0,2,3,4
88,Yamaha Lexi S,4,18900000.0,125,2019.0,2,3,4
89,Yamaha R15,4,27000000.0,150,2020.0,1,3,4
90,Yamaha Fazzio Neo,4,23000000.0,125,2022.0,2,2,4
91,Yamaha All New Nmax 155 Con,4,29500000.0,155,2021.0,2,4,4
92,Yamaha Nmax Abs,4,23500000.0,155,2018.0,2,5,4
93,Yamaha Nmax Abs,4,24500000.0,155,2020.0,2,3,4
94,Yamaha All New Nmax 155 Con,4,29500000.0,155,2021.0,2,4,4
95,Yamaha All New Nmax 155 Con,4,32000000.0,155,2021.0,2,3,4
96,Yamaha All New Nmax 155,9,22900000.0,155,2017.0,2,5,4
97,Yamaha Lexi,6,18700000.0,125,2018.0,2,2,4
98,Yamaha Lexi,6,18800000.0,125,2018.0,2,2,4
99,Yamaha All New Nmax 155 Con,6,28800000.0,155,2020.0,2,2,4
100,Yamaha All New Nmax 155,6,29700000.0,155,2021.0,2,2,4
101,Yamaha Aerox 155 Vva,4,24500000.0,125,2019.0,1,5,4
102,Yamaha Nmax Abs,9,23500000.0,155,2019.0,1,3,4
103,Yamaha Aerox 155 Vva,9,24500000.0,125,2019.0,2,5,4
104,Yamaha Nmax Abs,9,23500000.0,155,2019.0,2,5,4
105,Yamaha N Max,6,27200000.0,155,2019.0,2,2,4
106,Yamaha Lexi,4,18900000.0,125,2019.0,2,3,4
107,Yamaha N Max,1,22300000.0,150,2017.0,2,2,4
108,Yamaha Nmax Abs,4,23500000.0,155,2018.0,2,3,4
109,Yamaha All New Nmax 155,9,22680000.0,155,2017.0,2,5,4
110,Yamaha Aerox 155 Vva,9,23500000.0,155,2019.0,1,3,4
111,Yamaha Nmax Abs,4,23500000.0,155,2019.0,1,5,4
112,Yamaha Aerox 155 Vva,4,24500000.0,125,2019.0,2,5,4
113,Yamaha X Ride Se,6,10000000.0,125,2016.0,2,4,4
114,Yamaha N Max,6,21000000.0,155,2017.0,2,2,4
115,Yamaha Nmax Abs,9,23500000.0,156,2018.0,2,3,4
116,Yamaha Lexi,9,17500000.0,125,2019.0,2,3,4
117,Yamaha Aerox 155 Vva,9,19500000.0,155,2018.0,2,3,4
118,Yamaha Nmax Abs,9,23500000.0,155,2018.0,2,5,4
120,Yamaha Nmax Abs,9,28500000.0,155,2021.0,2,3,4
121,Yamaha Nmax Abs,9,25500000.0,155,2020.0,2,3,4
123,Yamaha All New Nmax 155 Con,9,27360000.0,155,2020.0,2,1,4
124,Yamaha All New Nmax 155 Con,4,29500000.0,155,2021.0,2,4,4
125,Yamaha Nmax Abs,9,24500000.0,125,2019.0,1,3,4
126,Yamaha Nmax Abs,4,23500000.0,125,2018.0,1,3,4
127,Yamaha Aerox 155 Vva,4,24500000.0,125,2019.0,1,3,4
128,Yamaha N Max,6,25000000.0,155,2018.0,2,2,4
129,Yamaha Nmax Abs,4,23500000.0,155,2019.0,1,5,4
130,Yamaha Nmax Abs,4,23500000.0,155,2018.0,2,5,4
131,Yamaha Nmax Abs,4,24500000.0,155,2020.0,2,3,4
132,Yamaha All New Nmax 155 Con,4,32000000.0,110,2021.0,2,4,4
133,Yamaha All New Nmax 155 Con,4,29500000.0,155,2021.0,2,3,4
134,Yamaha Aerox 155 Vva,10,20850000.0,150,2018.0,2,3,4
135,Yamaha Aerox 155 Vva,10,21500000.0,155,2019.0,2,3,4
136,Yamaha Nmax Abs,4,23500000.0,155,2019.0,2,3,4
137,Yamaha Nmax Abs,4,24500000.0,155,2019.0,1,3,4
138,Yamaha Nmax Abs,4,24500000.0,155,2019.0,1,3,4
139,Yamaha Aerox 155 Vva,4,23500000.0,125,2018.0,2,3,4
140,Yamaha Aerox 155 Vva,9,23500000.0,155,2018.0,2,5,4
141,Yamaha R15,4,27000000.0,150,2020.0,1,4,4
142,Yamaha R15,4,17500000.0,150,2017.0,1,3,4
143,Yamaha N Max,2,27100000.0,150,2020.0,2,2,4
144,Yamaha N Max,2,25900000.0,150,2018.0,2,5,4
147,Yamaha N Max,12,22000000.0,150,2017.0,2,5,4
148,Yamaha N Max,12,22000000.0,150,2020.0,2,4,4
149,Yamaha N Max,2,28800000.0,155,2020.0,2,4,4
150,Yamaha Aerox 155 Vva,2,16000000.0,155,2021.0,2,4,4
151,Yamaha X-ride,2,9800000.0,125,2017.0,2,5,4
152,Yamaha Nmax Abs,9,24500000.0,125,2018.0,1,3,4
153,Yamaha Aerox 155 Vva,6,25500000.0,155,2020.0,2,2,4
154,Yamaha Nmax Abs,6,28000000.0,155,2019.0,2,5,4
155,Yamaha Fino Sport 125 Blu Cr,9,12300000.0,150,2019.0,1,5,4
156,Yamaha All New Nmax 155,9,22400000.0,156,2017.0,2,5,4
157,Yamaha Aerox 155 Vva,9,24500000.0,155,2018.0,1,3,4
158,Yamaha Aerox 155 Vva,4,24500000.0,155,2021.0,2,4,4
159,Yamaha Nmax Abs,4,23500000.0,155,2018.0,2,5,4
160,Yamaha Nmax Abs,4,24500000.0,155,2020.0,2,3,4
161,Yamaha All New Nmax 155 Con,4,32000000.0,155,2021.0,2,4,4
162,Yamaha Nmax Abs,9,23500000.0,155,2018.0,2,3,4
163,Yamaha All New Nmax 155 Con,4,29500000.0,155,2021.0,2,4,4
164,Yamaha Nmax Abs,4,24500000.0,125,2019.0,2,5,4
165,Yamaha Nmax Abs,4,23500000.0,125,2019.0,1,5,4
166,Yamaha Gear 125,12,16000000.0,125,2021.0,2,2,4
167,Yamaha Aerox 155 Vva,12,27500000.0,155,2021.0,2,2,4
168,Yamaha X-ride,2,9800000.0,125,2017.0,2,2,4
169,Yamaha N Max,2,25900000.0,150,2018.0,2,2,4
170,Yamaha N Max,2,27100000.0,150,2020.0,2,2,4
171,Yamaha All New R15 155 Vva,11,25600000.0,155,2019.0,1,5,4
172,Yamaha Aerox 155 Vva,11,20800000.0,155,2018.0,2,3,4
173,Yamaha All New Nmax 155,1,28500000.0,155,2020.0,2,4,4
174,Yamaha X-ride,6,10000000.0,125,2016.0,2,2,4
175,Yamaha All New Nmax 155,6,29800000.0,155,2021.0,2,2,4
176,Yamaha Aerox 155 Vva R,6,21700000.0,155,2018.0,2,2,4
177,Yamaha All New Vixion R,6,26800000.0,155,2017.0,2,2,4
178,Yamaha Aerox 155 Vva R,6,22500000.0,155,2018.0,2,2,4
179,Yamaha Lexi S,6,19500000.0,125,2019.0,2,2,4
180,Yamaha Aerox 155 Vva,4,24500000.0,155,2018.0,1,5,4
181,Yamaha Lexi S,6,19300000.0,125,2019.0,2,2,4
182,Yamaha All New Nmax 155,6,30800000.0,155,2022.0,2,2,4
183,Yamaha Lexi S,6,20800000.0,125,2019.0,2,2,4
184,Yamaha New Mio M3 Cw,6,12500000.0,125,2020.0,2,2,4
185,Yamaha Gear 125,6,16700000.0,125,2022.0,2,2,4
186,Yamaha N Max,6,21000000.0,155,2017.0,2,2,4
187,Yamaha Nmax Abs,4,24500000.0,125,2018.0,2,3,4
188,Yamaha Nmax Abs,4,23500000.0,125,2019.0,1,5,4
190,Yamaha Gear 125,4,14500000.0,125,2021.0,2,4,4
191,Yamaha Lexi,4,16500000.0,125,2018.0,2,3,4
192,Yamaha X-ride,6,9800000.0,125,2016.0,2,4,4
193,Yamaha Aerox 155 Vva,4,24500000.0,155,2019.0,1,3,4
194,Yamaha R15,4,24500000.0,150,2018.0,1,3,4
195,Yamaha Aerox 155 Vva,9,24500000.0,155,2019.0,1,3,4
196,Yamaha Nmax Abs,4,24500000.0,125,2019.0,2,3,4
197,Yamaha All New Nmax 155,6,28500000.0,155,2020.0,2,2,4
198,Yamaha Nmax Abs,4,24500000.0,155,2018.0,1,3,4
199,Yamaha Nmax Abs,9,23500000.0,125,2019.0,1,3,4
200,Yamaha Nmax Abs,9,23500000.0,155,2019.0,2,3,4
201,Yamaha Nmax Abs,9,23500000.0,155,2019.0,2,3,4
202,Yamaha Aerox 155 Vva,4,24500000.0,155,2018.0,1,5,4
203,Yamaha Nmax Abs,4,23500000.0,125,2019.0,1,5,4
204,Yamaha N Max,6,23700000.0,155,2017.0,2,2,4
205,Yamaha Lexi,6,18500000.0,125,2018.0,2,2,4
206,Yamaha Lexi,6,19700000.0,125,2021.0,2,2,4
207,Yamaha Lexi,6,19200000.0,125,2020.0,2,2,4
208,Yamaha All New R15 155 Vva,6,25000000.0,155,2018.0,2,2,4
209,Yamaha All New R15 155 Vva,6,23600000.0,155,2017.0,2,2,4
210,Yamaha Aerox 155 Vva,9,24500000.0,125,2018.0,2,5,4
211,Yamaha New V Ixion Adv Gp,9,13850000.0,150,2015.0,1,5,4
212,Yamaha Nmax Abs,4,24500000.0,125,2019.0,1,3,4
213,Yamaha Aerox 155 Vva,4,23500000.0,155,2018.0,1,3,4
214,Yamaha Aerox 155 Vva R,10,20850000.0,155,2018.0,2,3,4
215,Yamaha Aerox 155 Vva,10,21500000.0,155,2019.0,2,4,4
216,Yamaha Nmax Abs,4,23500000.0,155,2018.0,2,5,4
217,Yamaha All New Nmax 155 Con,4,29500000.0,155,2021.0,2,4,4
218,Yamaha Gear 125,4,14500000.0,125,2021.0,2,4,4
219,Yamaha Lexi,4,17500000.0,125,2019.0,2,5,4
220,Yamaha Gear 125,4,14500000.0,125,2021.0,2,4,4
221,Yamaha Mio M3 125,4,14000000.0,125,2022.0,2,2,4
222,Yamaha Mio M3 125,9,8550000.0,125,2015.0,2,5,4
223,Yamaha Mio Z 125,9,9350000.0,125,2016.0,2,5,4
224,Yamaha All New Nmax 155,9,22400000.0,155,2017.0,2,5,4
225,Yamaha Nmax Abs,9,23500000.0,155,2018.0,2,3,4
227,Yamaha New Aerox 155 C,4,24500000.0,155,2021.0,2,3,4
228,Yamaha All New Nmax 155 Con,4,32000000.0,155,2021.0,2,4,4
229,Yamaha All New Nmax 155 Con,4,29500000.0,155,2021.0,2,4,4
230,Yamaha Nmax Abs,4,24500000.0,155,2020.0,2,3,4
231,Yamaha Nmax Abs,4,23500000.0,155,2018.0,2,5,4
232,Yamaha Lexi,9,17500000.0,125,2019.0,2,3,4
233,Yamaha Nmax Abs,9,28500000.0,155,2021.0,2,3,4
234,Yamaha Nmax Abs,9,25500000.0,155,2020.0,2,3,4
235,Yamaha Nmax Abs,10,24500000.0,155,2018.0,2,3,4
236,Yamaha Nmax Abs,10,25500000.0,155,2019.0,2,3,4
237,Yamaha Nmax Abs,10,24850000.0,155,2018.0,2,3,4
238,Yamaha Aerox 155 Vva R,10,20850000.0,155,2018.0,2,3,4
239,Yamaha Aerox 155 Vva,10,21500000.0,155,2019.0,2,3,4
240,Yamaha Nmax Abs,1,24000000.0,155,2018.0,2,2,4
241,Yamaha Nmax Abs,9,23500000.0,155,2019.0,1,3,4
242,Yamaha Nmax Abs,4,24500000.0,155,2019.0,2,5,4
243,Yamaha Nmax Abs,4,24500000.0,125,2019.0,2,5,4
244,Yamaha Aerox 155 Vva,9,23500000.0,155,2018.0,1,3,4
245,Yamaha Aerox 155 Vva,4,24500000.0,125,2019.0,1,3,4
246,Yamaha Gear 125,12,16000000.0,125,2021.0,2,2,4
247,Yamaha Nmax Abs,9,24500000.0,155,2019.0,2,5,4
248,Yamaha Nmax Abs,9,23500000.0,155,2019.0,2,3,4
249,Yamaha Mio Z 125,8,11000000.0,125,2018.0,2,5,4
250,Yamaha X-ride,6,10000000.0,125,2016.0,2,2,4
251,Yamaha X-ride,6,10000000.0,125,2016.0,2,4,4
252,Yamaha X-ride,6,10000000.0,125,2016.0,2,4,4
253,Yamaha X Ride Se,6,10000000.0,125,2016.0,2,4,4
254,Yamaha New Mio M3 Cw,6,9000000.0,125,2016.0,2,2,4
255,Yamaha Aerox 155 Vva,9,23500000.0,125,2018.0,1,3,4
256,Yamaha Aerox 155 Vva,4,24500000.0,125,2018.0,1,5,4
257,Yamaha Nmax Abs,9,23500000.0,155,2018.0,2,5,4
258,Yamaha Aerox 155 Vva,4,24500000.0,155,2018.0,1,3,4
259,Yamaha Nmax Abs,9,23500000.0,125,2018.0,1,3,4
260,Yamaha Aerox 155 Vva,9,24500000.0,155,2019.0,2,5,4
261,Yamaha Aerox 155 Vva,4,23500000.0,155,2018.0,1,5,4
262,Yamaha Fino Grade 125,9,12960000.0,125,2019.0,2,5,4
263,Yamaha Aerox 155 Vva,6,20000000.0,155,2019.0,2,2,4
264,Yamaha Aerox 155 Vva,4,23500000.0,125,2018.0,2,5,4
265,Yamaha Aerox 155 Vva,4,24500000.0,125,2019.0,1,5,4
266,Yamaha Aerox 155 Vva,9,23500000.0,155,2018.0,1,3,4
267,Yamaha Nmax Abs,4,23500000.0,125,2018.0,1,3,4
268,Yamaha Nmax Abs,9,24500000.0,125,2018.0,1,3,4
269,Yamaha Nmax Abs,9,24500000.0,125,2018.0,1,5,4
271,Yamaha All New Nmax 155,9,20790000.0,155,2016.0,2,5,4
272,Yamaha Aerox 155 Vva,9,19500000.0,155,2017.0,2,3,4
273,Yamaha Nmax Abs,9,23500000.0,155,2018.0,2,3,4
274,Yamaha R15 Gp Tech 3,12,21000000.0,150,2017.0,2,5,4
275,Yamaha Gear 125,12,15500000.0,110,2021.0,2,2,4
276,Yamaha Gear 125,6,14000000.0,125,2020.0,2,2,4
277,Yamaha R25,6,34000000.0,250,2016.0,1,4,4
278,Yamaha Nmax Abs,6,25500000.0,155,2018.0,2,2,4
279,Yamaha N Max,6,24500000.0,155,2017.0,2,4,4
280,Yamaha N Max,6,24500000.0,155,2017.0,2,4,4
281,Yamaha Aerox 155 Vva,9,23500000.0,125,2019.0,2,3,4
282,Yamaha Nmax Abs,9,23500000.0,155,2019.0,1,3,4
283,Yamaha Nmax Abs,9,24500000.0,155,2018.0,2,5,4
284,Yamaha Aerox 155 Vva,4,23500000.0,155,2018.0,2,3,4
285,Yamaha Nmax Abs,9,24500000.0,125,2019.0,1,3,4
286,Yamaha Nmax Abs,6,23850000.0,155,2018.0,2,2,4
287,Yamaha Lexi,6,18500000.0,125,2019.0,2,2,4
288,Yamaha Aerox 155 Vva,9,23500000.0,155,2018.0,2,3,4
289,Yamaha Nmax Abs,4,24500000.0,155,2018.0,2,5,4
290,Yamaha Aerox 155 Vva R,9,23800000.0,155,2019.0,2,2,4
291,Yamaha Nmax Abs,9,24500000.0,155,2018.0,2,3,4
292,Yamaha Nmax Abs,4,24500000.0,125,2019.0,1,3,4
293,Yamaha All New Nmax 155,6,29500000.0,155,2021.0,2,2,4
294,Yamaha Aerox 155 Vva,4,24500000.0,155,2018.0,2,5,4
295,Yamaha Nmax Abs,10,25500000.0,155,2019.0,2,3,4
296,Yamaha Lexi,9,17500000.0,125,2019.0,2,3,4
297,Yamaha Aerox 155 Vva,9,23500000.0,155,2019.0,2,5,4
298,Yamaha Nmax Abs,9,24300000.0,155,2018.0,2,5,4
299,Yamaha All New Vixion R,12,18000000.0,150,2018.0,1,4,4
300,Yamaha Nmax Abs,4,24500000.0,155,2018.0,2,3,4
301,Yamaha Nmax Abs,4,24500000.0,155,2018.0,2,3,4
302,Yamaha Aerox 155 Vva,4,18500000.0,155,2017.0,2,5,4
303,Yamaha Nmax Abs,4,24000000.0,155,2018.0,2,3,4
304,Yamaha Aerox 155 Vva,4,23500000.0,155,2018.0,2,3,4
305,Yamaha Nmax Abs,4,23500000.0,125,2019.0,2,5,4
306,Yamaha R15,4,17500000.0,150,2017.0,1,3,4
307,Yamaha Mio M3 125,4,14000000.0,125,2022.0,2,2,4
308,Yamaha Nmax Abs,4,24500000.0,155,2019.0,2,3,4
309,Yamaha Nmax Abs,9,23500000.0,155,2018.0,2,3,4
310,Yamaha Nmax Abs,4,24500000.0,155,2019.0,2,5,4
311,Yamaha Aerox 155 Vva,9,24500000.0,155,2019.0,1,5,4
312,Yamaha Nmax Abs,9,24500000.0,125,2019.0,1,5,4
313,Yamaha Nmax Abs,4,24500000.0,155,2018.0,2,5,4
314,Yamaha All New Nmax 155,9,23999000.0,155,2018.0,2,5,4
315,Yamaha Nmax Abs,10,24500000.0,155,2018.0,2,3,4
316,Yamaha Aerox 155 Vva R,9,23850000.0,155,2019.0,2,2,4
317,Yamaha All New Nmax 155,9,23500000.0,155,2018.0,2,3,4
318,Yamaha Nmax Abs,4,23500000.0,125,2018.0,1,5,4
319,Yamaha Nmax Abs,9,23500000.0,125,2018.0,1,3,4
320,Yamaha Aerox 155 Vva,10,20850000.0,155,2017.0,2,3,4
321,Yamaha Gear 125,11,16100000.0,125,2022.0,2,4,4
322,Yamaha All New Xsr 155,9,29800000.0,155,2020.0,1,3,4
323,Yamaha Aerox 155 Vva,4,23500000.0,155,2019.0,2,5,4
324,Yamaha Nmax Abs,9,24500000.0,155,2019.0,2,5,4
325,Yamaha Aerox 155 Vva,4,23500000.0,155,2019.0,1,3,4
326,Yamaha Fino Premium Fi Se,11,15200000.0,125,2021.0,2,4,4
327,Yamaha Lexi,11,18500000.0,125,2019.0,2,3,4
328,Yamaha All New R15 155 Vva,11,23900000.0,150,2018.0,1,3,4
329,Yamaha Nmax Special Custom,4,26000000.0,155,2019.0,2,3,4
330,Yamaha Nmax Abs,4,25000000.0,155,2019.0,2,3,4
331,Yamaha Nmax Abs,4,24200000.0,150,2018.0,2,3,4
332,Yamaha Nmax Abs,4,24200000.0,155,2018.0,2,3,4
333,Yamaha Nmax Abs,9,28000000.0,155,2020.0,2,3,4
334,Yamaha Nmax Abs,10,23850000.0,155,2018.0,2,5,4
335,Yamaha Aerox 155 Vva,9,23500000.0,125,2019.0,1,5,4
336,Yamaha Aerox 155 Vva,9,19900000.0,155,2018.0,2,3,4
337,Yamaha Aerox 155 Vva-s,11,21100000.0,155,2018.0,1,3,4
338,Yamaha N Max,9,19500000.0,155,2016.0,2,5,4
339,Yamaha All New R15 155 Vva,9,21000000.0,155,2017.0,2,3,4
340,Yamaha Aerox 155 Vva-s,9,23800000.0,155,2018.0,2,3,4
341,Yamaha All New Nmax 155,9,21980000.0,155,2017.0,2,5,4
342,Yamaha Nmax Abs,4,24500000.0,155,2019.0,2,5,4
343,Yamaha Nmax Abs,9,24500000.0,155,2019.0,1,3,4
344,Yamaha Soul Gt,10,10500000.0,125,2015.0,2,5,4
345,Yamaha All New Vixion R,1,17000000.0,125,2018.0,2,2,4
346,Yamaha All New Vixion R,1,19500000.0,125,2019.0,2,2,4
348,Yamaha All New Nmax 155,16,28400000.0,155,2020.0,2,5,4
349,Yamaha Nmax Special Custom,11,25300000.0,155,2019.0,2,3,4
350,Yamaha All New Nmax 155,16,23300000.0,155,2018.0,2,5,4
351,Yamaha Freego,16,14200000.0,125,2019.0,2,5,4
352,Yamaha N Max,11,22200000.0,155,2017.0,2,5,4
353,Yamaha N Max,1,26000000.0,155,2019.0,2,3,4
354,Yamaha Nmax Abs,4,23500000.0,155,2018.0,1,5,4
355,Yamaha Aerox 155 Vva,4,24500000.0,125,2018.0,1,3,4
356,Yamaha R15,4,24000000.0,150,2018.0,1,3,4
357,Yamaha All New R15 155 Vva,4,31000000.0,155,2021.0,1,2,4
358,Yamaha R15 Gp Movistar,4,18000000.0,155,2016.0,1,3,4
359,Yamaha Nmax Abs,4,24500000.0,155,2018.0,2,3,4
360,Yamaha Nmax Abs,4,24500000.0,155,2018.0,2,3,4
361,Yamaha Aerox 155 Vva-s,11,19000000.0,155,2017.0,2,5,4
362,Yamaha Fino Premium 125 Blue Core,16,12900000.0,125,2019.0,2,5,4
363,Yamaha All New X-ride 125,11,15200000.0,125,2021.0,2,3,4
364,Yamaha All New Nmax 155,9,23850000.0,155,2018.0,2,5,4
365,Yamaha Nmax Abs,4,23500000.0,155,2018.0,2,3,4
366,Yamaha Aerox 155 Vva,10,21500000.0,155,2020.0,2,3,4
367,Yamaha Fino Classic Fi,11,12200000.0,125,2019.0,2,5,4
368,Yamaha All New R15 155 Vva,11,21100000.0,155,2017.0,1,3,4
369,Yamaha All New R15 155 Vva,11,25200000.0,155,2019.0,2,4,4
370,Yamaha All New R15 155 Vva,11,25200000.0,155,2019.0,2,5,4
372,Yamaha All New R15 155 Vva,11,24100000.0,155,2018.0,1,5,4
373,Yamaha Lexi,4,17500000.0,125,2019.0,2,5,4
374,Yamaha Gear 125,11,15000000.0,125,2021.0,2,3,4
375,Yamaha Aerox 155 Vva,11,20600000.0,155,2018.0,2,5,4
376,Yamaha Aerox 155 Vva,4,24500000.0,155,2018.0,1,5,4
377,Yamaha Aerox 155 Vva,4,24500000.0,155,2019.0,2,3,4
378,Yamaha Gear 125,4,14500000.0,125,2021.0,2,4,4
379,Yamaha Mio M3 125,4,12100000.0,125,2019.0,2,3,4
380,Yamaha R15,4,30500000.0,150,2021.0,1,2,4
381,Yamaha Vixion,4,17000000.0,155,2018.0,1,5,4
382,Yamaha R15,4,30500000.0,150,2021.0,1,3,4
383,Yamaha Mio S,10,10500000.0,110,2018.0,2,3,4
384,Yamaha Nmax Abs,4,24500000.0,155,2018.0,1,3,4
385,Yamaha Nmax Abs,9,23500000.0,125,2019.0,2,3,4
387,Yamaha All New Nmax 155,6,29000000.0,155,2020.0,2,4,4
388,Yamaha Aerox 155 Vva,10,21500000.0,155,2019.0,2,3,4
389,Yamaha Wr 155 R,11,33500000.0,155,2021.0,1,2,4
390,Yamaha Nmax Abs,4,29500000.0,155,2021.0,2,4,4
391,Yamaha Aerox 155 Vva,9,24500000.0,155,2018.0,1,3,4
392,Yamaha Nmax Abs,9,24500000.0,125,2019.0,2,5,4
393,Yamaha Nmax Abs,4,24500000.0,155,2018.0,1,5,4
394,Yamaha New Aerox 155 C Abs,4,28500000.0,155,2021.0,2,3,4
395,Yamaha Aerox 155 Vva,10,20850000.0,155,2018.0,2,3,4
396,Yamaha Nmax Abs,9,28800000.0,155,2021.0,2,4,4
397,Yamaha Gear 125,4,14500000.0,125,2021.0,2,4,4
398,Yamaha Aerox 155 Vva,4,19500000.0,155,2018.0,2,5,4
399,Yamaha Aerox 155 Gp,4,24000000.0,155,2021.0,2,3,4
400,Yamaha Nmax Abs,9,23500000.0,125,2018.0,1,3,4
401,Yamaha Lexi,9,16500000.0,125,2019.0,2,3,4
402,Yamaha Nmax Abs,9,24500000.0,155,2018.0,2,5,4
403,Yamaha Aerox 155 Vva,9,23500000.0,155,2018.0,2,5,4
404,Yamaha Aerox 155 Vva,9,24500000.0,125,2018.0,2,3,4
405,Yamaha Aerox 155 Vva,9,23500000.0,125,2019.0,1,3,4
406,Yamaha Nmax Abs,9,24500000.0,125,2018.0,2,5,4
407,Yamaha R15 Gp Movistar,5,18500000.0,150,2016.0,1,5,4
408,Yamaha Wr 155 R,5,34000000.0,155,2021.0,1,3,4
409,Yamaha All New Nmax 155,5,28500000.0,155,2021.0,2,4,4
410,Yamaha Aerox 155 Vva,9,23500000.0,125,2018.0,1,3,4
411,Yamaha Aerox 155 Vva,6,20000000.0,155,2019.0,2,2,4
412,Yamaha Aerox 155 Vva,14,19000000.0,150,2017.0,2,4,4
413,Yamaha Nmax Abs,9,23500000.0,125,2019.0,1,3,4
414,Yamaha Nmax Abs,10,24250000.0,155,2018.0,2,3,4
415,Yamaha Aerox 155 Vva-s,11,31500000.0,155,2022.0,2,1,4
416,Yamaha Aerox 155 Vva,4,23500000.0,155,2019.0,1,5,4
417,Yamaha Nmax Abs,9,23500000.0,125,2019.0,1,3,4
418,Yamaha Nmax Abs,4,24500000.0,155,2019.0,2,3,4
419,Yamaha Aerox 155 Vva,9,24500000.0,125,2019.0,1,3,4
420,Yamaha Fazzio Neo,11,25000000.0,125,2022.0,2,1,4
421,Yamaha Fazzio Neo,11,25000000.0,125,2022.0,2,1,4
422,Yamaha Fazzio Neo,11,25000000.0,125,2022.0,2,1,4
423,Yamaha Fazzio Neo,11,25000000.0,125,2022.0,2,1,4
424,Yamaha Lexi,12,17500000.0,125,2018.0,2,3,4
425,Yamaha Aerox 155 Vva R,12,29000000.0,155,2022.0,2,1,4
426,Yamaha Nmax Abs,9,23800000.0,150,2020.0,2,5,4
427,Yamaha Nmax Abs,9,23800000.0,155,2019.0,2,3,4
428,Yamaha Nmax Abs,9,20500000.0,155,2015.0,2,5,4
429,Yamaha R15 Gp Movistar,4,18000000.0,155,2016.0,1,3,4
430,Yamaha Freego S,10,12500000.0,125,2019.0,2,5,4
431,Yamaha Mio Z 125,6,9000000.0,125,2016.0,2,2,4
432,Yamaha Fino Premium Fi Se,6,9000000.0,125,2016.0,2,2,4
433,Yamaha Nmax Abs,9,23500000.0,155,2018.0,1,5,4
434,Yamaha Lexi,12,16900000.0,125,2018.0,2,5,4
435,Yamaha Mio M3 125,10,10850000.0,125,2017.0,2,5,4
436,Yamaha Nmax Abs,10,24850000.0,155,2018.0,2,3,4
437,Yamaha Mio M3 125,4,12100000.0,125,2019.0,2,3,4
438,Yamaha Mio S,4,12900000.0,125,2020.0,2,4,4
439,Yamaha R15,4,30500000.0,150,2021.0,2,4,4
440,Yamaha New Vixion,4,17000000.0,155,2018.0,2,5,4
441,Yamaha Nmax Abs,4,30500000.0,155,2022.0,2,2,4
442,Yamaha R15,4,24000000.0,155,2018.0,1,3,4
443,Yamaha Aerox 155 Vva R,11,18000000.0,155,2017.0,2,3,4
444,Yamaha New R15 155 Vva Gp M,4,31000000.0,155,2021.0,1,3,4
445,Yamaha R15 Gp Movistar,4,18000000.0,155,2016.0,1,3,4
446,Yamaha Nmax Abs,9,23500000.0,155,2018.0,1,5,4
447,Yamaha Nmax Abs,4,24500000.0,125,2019.0,2,5,4
448,Yamaha Nmax Abs,9,24300000.0,155,2021.0,2,3,4
449,Yamaha All New Nmax 155,2,28000000.0,155,2020.0,2,3,4
450,Yamaha R15,4,31000000.0,155,2021.0,1,2,4
451,Yamaha Fino Sporty,10,11850000.0,110,2018.0,2,5,4
452,Yamaha Lexi,10,18000000.0,125,2019.0,2,5,4
453,Yamaha Nmax Abs,10,25500000.0,155,2019.0,2,3,4
454,Yamaha All New Nmax 155 Con,10,24500000.0,155,2018.0,2,5,4
455,Yamaha Aerox 155 Vva-s,10,20500000.0,155,2019.0,2,3,4
456,Yamaha Mio M3 125,6,11000000.0,125,2018.0,2,3,4
457,Yamaha N Max,6,25000000.0,155,2018.0,2,2,4
458,Yamaha Nmax Abs,4,23500000.0,125,2018.0,1,3,4
459,Yamaha Nmax Abs,4,24500000.0,155,2018.0,2,3,4
460,Yamaha Nmax Special Custom,10,24500000.0,155,2018.0,2,3,4
461,Yamaha Nmax Special Custom,9,24500000.0,155,2019.0,2,3,4
463,Yamaha Nmax Abs,9,23500000.0,155,2019.0,2,5,4
464,Yamaha Nmax Abs,9,23800000.0,155,2020.0,2,5,4
465,Yamaha Nmax Abs,4,23500000.0,125,2018.0,2,5,4
466,Yamaha All New X-ride 125,6,11300000.0,125,2018.0,2,3,4
467,Yamaha Nmax Abs,4,23500000.0,155,2019.0,2,3,4
468,Yamaha Nmax Abs,9,24500000.0,125,2019.0,1,5,4
469,Yamaha Lexi S,6,18500000.0,150,2018.0,2,4,4
470,Yamaha Nmax Abs,4,23500000.0,155,2018.0,2,3,4
471,Yamaha Nmax Abs,10,24500000.0,155,2018.0,2,5,4
472,Yamaha Nmax Abs,10,25500000.0,155,2019.0,2,5,4
473,Yamaha Mio Fino,10,11250000.0,110,2017.0,2,5,4
474,Yamaha Nmax Abs,10,24850000.0,155,2019.0,2,3,4
475,Yamaha V Ixion New Non Ks Ctm,10,12200000.0,155,2016.0,1,5,4
476,Yamaha Nmax Abs,10,25250000.0,155,2020.0,2,3,4
477,Yamaha R15 Gp Tech 3,10,23000000.0,155,2018.0,2,3,4
478,Yamaha Mio Soul Gt Street,10,8850000.0,125,2015.0,2,3,4
479,Yamaha Nmax Abs,10,20850000.0,155,2017.0,2,5,4
480,Yamaha Nmax Abs,10,19850000.0,155,2016.0,2,5,4
481,Yamaha All New Nmax 155 Abs,15,28900000.0,155,2020.0,2,3,4
482,Yamaha Freego S Abs,15,15500000.0,125,2018.0,2,3,4
483,Yamaha Nmax Abs,15,25000000.0,155,2019.0,2,3,4
484,Yamaha Fino Sporty,9,10800000.0,110,2018.0,2,5,4
485,Yamaha Lexi,9,16500000.0,125,2019.0,2,3,4
486,Yamaha Aerox 155 Vva R,9,19700000.0,155,2019.0,2,3,4
487,Yamaha N Max,9,23500000.0,155,2019.0,2,3,4
488,Yamaha Mio Soul,10,10000000.0,125,2015.0,2,3,4
489,Yamaha Mio Fino,10,11250000.0,110,2017.0,2,5,4
490,Yamaha Nmax Abs,4,24500000.0,155,2019.0,2,3,4
491,Yamaha Mio S,10,11000000.0,125,2018.0,2,3,4
492,Yamaha Aerox 155 Vva-s,10,21500000.0,155,2018.0,2,3,4
0,Honda Vario 125 Esp Cbs Iss,7,20800000.0,125,2021.0,2,3,1
1,Honda Vario 125 Esp Cbs Iss,7,18600000.0,125,2019.0,2,3,1
2,Honda Beat Esp Cbs Iss Dlx,7,17500000.0,110,2021.0,2,4,1
3,Honda New Beat Street Esp,7,17600000.0,110,2021.0,2,3,1
4,Honda Beat Esp Cbs Iss Dlx,7,18500000.0,110,2022.0,2,2,1
5,Yamaha Nmax Abs,4,24500000.0,125,2019.0,1,5,1
6,Yamaha Nmax Abs,4,23500000.0,125,2019.0,1,5,1
7,Yamaha Nmax Abs,4,23500000.0,155,2019.0,2,3,1
8,Honda Cb150r,13,24999000.0,150,2019.0,1,5,1
9,Honda Supra X 125 Injeksi,13,16000000.0,125,2018.0,1,5,1
10,Honda Vario 125 Esp Cbs Iss,13,21500000.0,125,2021.0,2,3,1
11,Honda Cb150r,13,24999000.0,150,2019.0,1,5,1
12,Honda Vario 150 Esp Sporty,13,22000000.0,150,2019.0,2,5,1
13,Honda Vario 150 Esp Sporty,13,22000000.0,150,2019.0,2,5,1
14,Honda Supra X 125 Injeksi,13,16000000.0,125,2018.0,1,5,1
15,Honda New Beat Street Esp,13,17350000.0,110,2020.0,2,5,1
16,Yamaha Nmax Abs,9,24500000.0,125,2018.0,2,3,1
17,Yamaha Aerox 155 Vva,9,23500000.0,125,2018.0,2,3,1
18,Honda New Pcx 150 Abs,9,29250000.0,150,2020.0,2,4,1
19,Honda New Scoopy Stylish,13,21500000.0,110,2021.0,2,3,1
20,Honda Cbr 150 R,13,18600000.0,150,2017.0,1,5,1
21,Honda Supra X 125 Injeksi,13,15800000.0,125,2020.0,1,5,1
22,Honda New Scoopy Stylish,13,21500000.0,110,2022.0,2,3,1
23,Honda Cbr 150 Rc,13,31500000.0,150,2021.0,1,3,1
24,Honda New Vario 125 Esp Cbs,13,20600000.0,125,2022.0,2,4,1
25,Honda New Pcx 150 Abs,13,26800000.0,150,2020.0,2,5,1
26,Honda Cb150r,3,24500000.0,150,2022.0,1,3,1
27,Honda Supra X 125 Injeksi,3,15700000.0,125,2022.0,1,3,1
28,Honda New Revo Fi Fit,13,10950000.0,110,2018.0,1,5,1
29,Honda Cb150r Streetfire,13,25000000.0,150,2019.0,1,5,1
30,Yamaha Nmax Abs,4,24500000.0,155,2019.0,2,5,1
31,Honda Cbr 150 R,16,19900000.0,150,2016.0,2,3,1
32,Yamaha Nmax Abs,4,24500000.0,125,2019.0,1,5,1
33,Yamaha Nmax Abs,4,24500000.0,125,2018.0,2,3,1
34,Honda Vario 125 Cbs Iss,4,22000000.0,125,2021.0,2,3,1
35,Honda Vario 125 Cbs Iss,4,18800000.0,125,2019.0,2,3,1
36,Honda Vario 125 Cbs Iss,4,18000000.0,125,2018.0,2,5,1
37,Honda Vario 150 Esp Exclusive,4,17000000.0,150,2016.0,2,5,1
38,Honda New Beat Street Esp,4,14500000.0,110,2018.0,2,5,1
39,Yamaha Nmax Abs,4,24500000.0,155,2018.0,2,3,1
40,Yamaha Nmax Abs,9,23500000.0,125,2018.0,1,3,1
41,Yamaha Aerox 155 Vva,9,23500000.0,155,2019.0,1,5,1
42,Honda Vario 150 Esp Exclusive,6,20800000.0,150,2018.0,2,3,1
43,Honda Beat Fi Sporty Cw,6,15300000.0,110,2017.0,2,3,1
44,Honda Cbr 150 R,6,20800000.0,150,2017.0,2,3,1
45,Honda Vario 150 Esp Sporty,6,14200000.0,150,2015.0,2,3,1
46,Honda Scoopy,6,14300000.0,115,2016.0,2,3,1
47,Honda Beat Fi Cw + Sporty,6,13500000.0,110,2017.0,2,3,1
48,Honda Beat Fi Sporty Cbs Iss Plus,6,13800000.0,110,2017.0,2,3,1
49,Honda Cbr 150 R,6,19500000.0,150,2019.0,2,3,1
50,Honda Pcx,6,26000000.0,150,2019.0,2,3,1
51,Yamaha Nmax Abs,9,23500000.0,155,2019.0,2,3,1
52,Yamaha Aerox 155 Vva,4,23500000.0,155,2019.0,2,5,1
53,Honda Vario 150 Esp Exclusive,10,21850000.0,150,2019.0,2,3,1
54,Honda New Scoopy Sporty,10,19850000.0,110,2019.0,2,3,1
55,Honda Beat Fi Cbs Iss,10,17500000.0,110,2020.0,2,3,1
56,Honda Vario 125 Cbs Iss,10,17500000.0,125,2018.0,2,3,1
57,Honda Beat Cbs Fi,10,13500000.0,110,2017.0,2,5,1
58,Honda Beat Esp Cbs Iss Dlx,4,18000000.0,110,2022.0,2,2,1
59,Honda Beat,4,14000000.0,110,2018.0,2,5,1
60,Honda Adv 150 Abs,9,31500000.0,150,2020.0,2,3,1
62,Honda Vario 125 Cbs Iss,4,22000000.0,125,2021.0,2,3,1
63,Honda New Scoopy Stylish,4,14500000.0,110,2016.0,2,5,1
64,Honda New Pcx 150 Abs,6,28300000.0,150,2018.0,2,3,1
65,Honda Adv 150 Abs,6,33700000.0,150,2020.0,2,3,1
66,Honda New Pcx 150 Abs,6,30300000.0,150,2020.0,2,3,1
67,Honda Beat Fi Sporty Cbs Iss,6,15500000.0,110,2018.0,2,3,1
68,Yamaha Nmax Abs,9,23500000.0,125,2018.0,2,5,1
69,Honda New Pcx 150 Cbs,9,29350000.0,150,2020.0,2,2,1
70,Yamaha Nmax Abs,9,24500000.0,155,2019.0,2,3,1
71,Yamaha Nmax Abs,4,24500000.0,155,2019.0,2,5,1
72,Yamaha Aerox 155 Vva,4,24500000.0,125,2019.0,1,5,1
73,Yamaha Aerox 155 Vva,4,23500000.0,155,2019.0,1,5,1
74,Yamaha Nmax Abs,4,23500000.0,155,2018.0,2,5,1
75,Honda Adv 150 Abs,9,30500000.0,150,2019.0,2,3,1
76,Yamaha Aerox 155 Vva,9,24500000.0,155,2019.0,2,5,1
77,Honda New Scoopy Fashion,11,21200000.0,110,2021.0,2,4,1
78,Honda Genio Cbs,11,18200000.0,110,2022.0,2,2,1
79,Honda Genio Iss,11,19000000.0,110,2022.0,2,2,1
80,Honda Vario 125 Esp Cbs Iss,11,18600000.0,125,2019.0,2,3,1
81,Honda Cb150r Streetfire,11,16100000.0,150,2016.0,1,5,1
82,Honda Vario 125 Esp Cbs,11,15700000.0,125,2017.0,2,5,1
83,Honda Beat Fi Sporty Cw,6,13700000.0,110,2018.0,2,3,1
84,Honda Vario 150 Esp Exclusive,6,15300000.0,150,2015.0,2,3,1
85,Yamaha Aerox 155 Vva,9,23500000.0,125,2018.0,2,3,1
86,Honda Vario 150 Esp Sporty,6,15000000.0,150,2015.0,2,3,1
87,Honda Beat Fi Sporty Cw,6,13700000.0,110,2018.0,2,3,1
88,Yamaha Nmax Abs,4,23500000.0,155,2019.0,2,3,1
89,Honda New Vario 125 Esp Cbs,9,17780000.0,125,2018.0,2,5,1
90,Honda Beat,10,16000000.0,150,2020.0,2,3,1
91,Yamaha Nmax Abs,9,24500000.0,155,2018.0,1,3,1
92,Yamaha Aerox 155 Vva,4,23500000.0,125,2018.0,1,3,1
93,Yamaha Aerox 155 Vva,4,23500000.0,155,2018.0,1,3,1
94,Yamaha Aerox 155 Vva,4,23500000.0,125,2018.0,2,3,1
95,Yamaha Nmax Abs,9,24500000.0,125,2018.0,1,5,1
96,Yamaha Nmax Abs,9,24500000.0,125,2018.0,2,5,1
97,Honda Vario 150 Esp Sporty,9,15980000.0,150,2015.0,2,5,1
98,Yamaha Aerox 155 Vva,4,23500000.0,155,2018.0,2,5,1
99,Honda Vario 125 Esp Cbs,9,14250000.0,125,2015.0,2,3,1
100,Honda New Pcx 150 Cbs,9,29250000.0,150,2020.0,2,2,1
101,Honda Beat Esp Cbs Iss Dlx,10,17700000.0,110,2022.0,2,3,1
102,Honda Beat,10,14850000.0,110,2019.0,2,5,1
103,Honda Vario 150 Esp Exclusive,10,21500000.0,150,2019.0,2,5,1
104,Honda Vario 150 Esp Exclusive,10,15850000.0,150,2015.0,2,5,1
105,Honda Beat Cbs Fi,10,11850000.0,110,2016.0,2,5,1
106,Honda Vario 125 Esp Cbs,10,16850000.0,125,2017.0,2,3,1
107,Honda Cbr 150 Rcr,9,14000000.0,150,2015.0,1,5,1
108,Honda Beat,9,16500000.0,110,2021.0,2,3,1
109,Honda Vario 125 Cbs Iss,9,17000000.0,110,2019.0,2,3,1
110,Honda Vario Techno 110,9,12000000.0,110,2015.0,2,3,1
111,Yamaha Aerox 155 Vva,4,23500000.0,155,2019.0,1,5,1
112,Yamaha Nmax Abs,4,24500000.0,155,2019.0,1,5,1
113,Yamaha Nmax Abs,9,24500000.0,155,2018.0,2,3,1
114,Honda Vario 125 Cbs Iss,11,22500000.0,125,2022.0,2,4,1
115,Honda New Pcx 150 Cbs,11,30400000.0,150,2021.0,2,3,1
116,Honda Beat Fi Sporty Cw,11,16200000.0,110,2020.0,2,5,1
117,Honda Genio Cbs,11,18200000.0,110,2022.0,2,4,1
118,Honda Beat Fi Cbs Iss,11,17400000.0,110,2021.0,2,3,1
119,Honda Pcx Hybrid,9,28500000.0,150,2019.0,2,3,1
120,Honda Beat,10,15500000.0,110,2020.0,2,3,1
121,Honda Vario 125 Cbs Iss,16,12300000.0,125,2015.0,2,5,1
122,Honda Beat Fi Cbs Iss,9,14200000.0,110,2018.0,2,5,1
123,Honda New Scoopy Sporty,9,17950000.0,110,2017.0,2,5,1
124,Honda Vario 110 Cbs Advance,9,12870000.0,110,2017.0,2,3,1
125,Honda Beat Fi Sporty Cbs,6,12750000.0,110,2017.0,2,2,1
126,Honda Vario 150 Esp Sporty,4,17000000.0,150,2016.0,2,5,1
127,Honda Vario 125 Cbs Iss,4,18000000.0,125,2018.0,2,5,1
128,Honda Beat Fi Cbs Iss Plus,10,13000000.0,110,2017.0,2,5,1
129,Yamaha Nmax Abs,4,24500000.0,155,2019.0,2,3,1
130,Yamaha Aerox 155 Vva,4,23500000.0,125,2018.0,1,3,1
131,Yamaha Nmax Abs,9,23500000.0,125,2018.0,1,3,1
132,Yamaha Aerox 155 Vva,9,23500000.0,155,2018.0,2,5,1
133,Yamaha Aerox 155 Vva,4,23500000.0,125,2018.0,2,5,1
134,Honda Crf 150l,6,29500000.0,150,2018.0,2,3,1
135,Honda Vario 150 Esp Sporty,9,17500000.0,150,2017.0,2,5,1
136,Honda Beat Cbs Fi,4,16500000.0,110,2021.0,2,3,1
137,Honda Beat Cbs Fi,4,16500000.0,110,2021.0,2,3,1
138,Honda Beat Cbs Fi,4,16500000.0,110,2021.0,2,3,1
139,Honda New Beat Street Esp,10,15850000.0,110,2019.0,2,3,1
140,Honda Beat Fi Sporty Cbs,10,17250000.0,110,2021.0,2,4,1
141,Yamaha Aerox 155 Vva,4,24500000.0,125,2018.0,2,3,1
142,Yamaha Aerox 155 Vva,9,23500000.0,155,2018.0,2,3,1
143,Yamaha Nmax Abs,4,23500000.0,155,2019.0,2,3,1
144,Honda New Scoopy Sporty,9,20000000.0,110,2020.0,2,5,1
145,Honda Crf 150l,9,32700000.0,150,2021.0,1,2,1
146,Honda Pcx,9,28000000.0,150,2019.0,2,3,1
147,Honda Scoopy,9,16600000.0,110,2017.0,2,5,1
148,Honda GENIO CBS,1,15800000.0,110,2019.0,2,4,1
149,Yamaha Nmax Abs,4,24500000.0,125,2019.0,1,5,1
150,Honda New Scoopy Sporty,10,18850000.0,110,2018.0,2,3,1
151,Yamaha Aerox 155 Vva,9,23500000.0,125,2018.0,1,5,1
152,Honda Pcx,11,28500000.0,150,2018.0,2,3,1
153,Honda Pcx,11,28500000.0,150,2019.0,2,3,1
154,Yamaha Nmax Abs,4,24500000.0,155,2019.0,2,3,1
155,Yamaha Nmax Abs,4,24500000.0,125,2018.0,1,3,1
156,Yamaha Nmax Abs,4,23500000.0,125,2018.0,1,5,1
157,Yamaha Nmax Abs,9,23500000.0,125,2018.0,1,3,1
158,Honda Vario 150 Esp Sporty,10,20850000.0,150,2019.0,2,5,1
159,Honda Vario 125 Cbs Iss,10,16850000.0,125,2017.0,2,5,1
160,Honda Genio Iss,10,15750000.0,125,2020.0,2,3,1
161,Honda New Beat Street Esp,4,14500000.0,110,2018.0,2,3,1
162,Honda Beat Cw Fi,4,13500000.0,110,2017.0,2,3,1
163,Honda New Beat Street Esp,4,15700000.0,110,2019.0,2,5,1
164,Yamaha Aerox 155 Vva,9,24500000.0,155,2018.0,1,3,1
165,Yamaha Nmax Abs,4,23500000.0,125,2018.0,2,5,1
166,Yamaha Nmax Abs,4,24500000.0,155,2018.0,1,3,1
167,Yamaha Nmax Abs,9,23500000.0,155,2019.0,2,3,1
168,Yamaha Aerox 155 Vva,4,23500000.0,155,2018.0,2,3,1
169,Yamaha Aerox 155 Vva,4,24500000.0,125,2018.0,2,5,1
170,Honda Vario 125 Esp Cbs,10,19850000.0,125,2019.0,2,3,1
171,Honda New Scoopy Sporty,10,19500000.0,110,2020.0,2,4,1
172,Yamaha Aerox 155 Vva,9,24500000.0,125,2018.0,2,3,1
173,Yamaha Aerox 155 Vva,4,23500000.0,125,2019.0,1,5,1
174,Honda New Vario 125 Esp Cbs,10,19000000.0,125,2018.0,2,5,1
175,Yamaha Aerox 155 Vva,9,23500000.0,155,2019.0,2,5,1
176,Yamaha Aerox 155 Vva,4,23500000.0,155,2019.0,2,5,1
177,Yamaha Aerox 155 Vva,9,23500000.0,155,2019.0,1,3,1
178,Honda New Beat Street Esp,9,17500000.0,110,2021.0,2,3,1
179,Honda Vario 125 Cbs Iss,4,22500000.0,125,2022.0,2,2,1
180,Honda New Pcx 150 Abs,4,34500000.0,150,2021.0,2,4,1
181,Honda Cbr 150 R,4,22000000.0,150,2018.0,1,3,1
182,Honda Cbr 150 R,4,21000000.0,150,2017.0,1,5,1
183,Honda Beat Esp Cbs Iss Dlx,4,16500000.0,110,2020.0,2,3,1
184,Honda Scoopy,4,16500000.0,110,2016.0,2,3,1
185,Honda New Pcx 150 Abs,4,27900000.0,150,2019.0,2,3,1
186,Honda New Pcx 150 Abs,4,31000000.0,150,2020.0,2,5,1
187,Honda Beat Fi Sporty Cw,9,13990000.0,110,2018.0,2,5,1
188,Honda Adv 150 Cbs,6,30500000.0,150,2019.0,2,2,1
189,Honda Adv 150 Abs,6,30500000.0,150,2019.0,2,2,1
190,Yamaha Nmax Abs,9,23500000.0,125,2018.0,2,3,1
191,Yamaha Nmax Abs,4,23500000.0,125,2018.0,2,3,1
192,Yamaha Aerox 155 Vva,9,23500000.0,125,2018.0,2,3,1
193,Yamaha Aerox 155 Vva,4,23500000.0,155,2019.0,1,3,1
194,Yamaha Aerox 155 Vva,4,23500000.0,155,2018.0,2,5,1
195,Yamaha Nmax Abs,4,24500000.0,155,2018.0,1,5,1
196,Yamaha Aerox 155 Vva,4,23500000.0,155,2019.0,1,5,1
197,Yamaha Nmax Abs,9,23500000.0,125,2019.0,1,3,1
198,Yamaha Nmax Abs,4,23500000.0,155,2018.0,2,3,1
199,Yamaha Nmax Abs,4,24500000.0,155,2019.0,1,5,1
200,Honda Genio Iss,4,17500000.0,110,2021.0,2,2,1
201,Honda New Scoopy Stylish,4,20700000.0,110,2020.0,2,5,1
202,Honda Vario 125 Cbs Iss,4,22500000.0,125,2022.0,2,2,1
203,Yamaha Nmax Abs,4,24500000.0,125,2018.0,1,5,1
204,Honda Beat Fi Cbs Iss Plus,9,13990000.0,110,2018.0,2,5,1
205,Yamaha Aerox 155 Vva,9,24500000.0,155,2018.0,1,5,1
206,Yamaha Nmax Abs,9,24500000.0,155,2019.0,1,3,1
207,Yamaha Aerox 155 Vva,4,24500000.0,155,2019.0,2,5,1
208,Yamaha Aerox 155 Vva,9,23500000.0,125,2019.0,1,3,1
209,Yamaha Aerox 155 Vva,9,23500000.0,155,2019.0,1,3,1
210,Yamaha Nmax Abs,9,23500000.0,125,2019.0,2,3,1
211,Yamaha Aerox 155 Vva,4,23500000.0,155,2019.0,2,5,1
212,Yamaha Aerox 155 Vva,9,23500000.0,155,2018.0,1,3,1
213,Honda Supra X 125 Pgmfi Cw,9,12950000.0,125,2018.0,1,5,1
214,Honda Pcx,6,27000000.0,150,2019.0,2,2,1
215,Yamaha Nmax Abs,9,24500000.0,155,2019.0,1,3,1
216,Honda Beat Cw,9,10800000.0,110,2015.0,2,3,1
217,Yamaha Nmax Abs,9,24500000.0,125,2018.0,1,5,1
218,Yamaha Aerox 155 Vva,9,23500000.0,125,2018.0,2,5,1
219,Honda Beat Cw Fi,6,12700000.0,110,2017.0,2,2,1
220,Honda Scoopy Esp,6,14800000.0,115,2017.0,2,2,1
221,Honda Beat Cw Fi,6,12700000.0,110,2017.0,2,2,1
222,Honda Cbr 150 R,6,25700000.0,150,2020.0,2,2,1
223,Yamaha Nmax Abs,9,24500000.0,125,2018.0,1,5,1
224,Honda Beat Cw Fi,6,13500000.0,110,2018.0,2,2,1
225,Honda New Beat Street Esp,6,13800000.0,110,2018.0,2,2,1
226,Honda Cbr 150 R,9,18500000.0,150,2019.0,1,3,1
228,Honda Beat Esp Cbs Iss Dlx,4,16500000.0,110,2020.0,2,3,1
229,Honda Scoopy,4,16500000.0,110,2016.0,2,3,1
230,Honda New Scoopy Sporty,4,21500000.0,110,2021.0,2,4,1
231,Yamaha Nmax Abs,9,24500000.0,125,2018.0,2,3,1
232,Yamaha Nmax Abs,4,24500000.0,125,2018.0,1,5,1
233,Yamaha Nmax Abs,4,23500000.0,125,2018.0,2,5,1
234,Honda New Pcx 150 Abs,4,31000000.0,150,2020.0,2,3,1
235,Honda Beat Cw Fi,10,11250000.0,110,2015.0,2,5,1
236,Honda Beat Cw Fi,10,13850000.0,110,2018.0,2,3,1
237,Honda Vario 150 Esp Exclusive,10,16500000.0,150,2016.0,2,5,1
238,Honda New Scoopy Sporty,10,18850000.0,110,2019.0,2,3,1
239,Honda Vario 150 Esp Exclusive,10,19850000.0,150,2019.0,2,3,1
240,Honda Vario 125 Esp Cbs,9,13850000.0,125,2015.0,2,5,1
241,Honda New Scoopy Stylish,9,17780000.0,110,2017.0,2,5,1
242,Yamaha Aerox 155 Vva,9,24500000.0,155,2018.0,2,5,1
243,Yamaha Nmax Abs,4,23500000.0,125,2018.0,1,3,1
244,Yamaha Nmax Abs,4,24500000.0,155,2018.0,1,3,1
245,Yamaha Aerox 155 Vva,4,24500000.0,155,2018.0,1,5,1
246,Yamaha Aerox 155 Vva,9,23500000.0,125,2019.0,1,3,1
247,Yamaha Nmax Abs,9,23500000.0,125,2019.0,1,3,1
248,Yamaha Nmax Abs,9,23500000.0,155,2019.0,2,3,1
249,Yamaha Nmax Abs,4,23500000.0,125,2019.0,2,3,1
250,Honda Beat Cw Fi,10,11850000.0,110,2015.0,2,5,1
251,Honda Beat Cw Fi,10,11850000.0,110,2016.0,2,3,1
252,Honda Beat Fi Cbs Iss,10,14850000.0,110,2019.0,2,5,1
253,Honda Vario 150 Esp Exclusive,10,20500000.0,150,2018.0,2,5,1
254,Honda Beat Esp Cbs Iss Dlx,10,17500000.0,110,2020.0,2,3,1
255,Honda New Scoopy Sporty,4,21500000.0,110,2021.0,2,4,1
256,Honda Scoopy,4,16500000.0,110,2016.0,2,3,1
257,Honda Beat Esp Cbs Iss Dlx,4,17500000.0,110,2021.0,2,2,1
258,Honda Vario 125 Esp Cbs,4,14500000.0,125,2016.0,2,5,1
259,Honda Vario 125 Esp Cbs,4,15500000.0,125,2017.0,2,5,1
260,Honda Genio Iss,4,17500000.0,125,2021.0,2,2,1
261,Yamaha Aerox 155 Vva,4,24500000.0,125,2019.0,1,5,1
263,Honda Beat Cbs Fi,12,13700000.0,110,2019.0,2,3,1
264,Honda Beat Cbs Fi,12,16700000.0,110,2020.0,2,4,1
265,Honda New Pcx 150 Cbs,12,28500000.0,150,2019.0,2,4,1
266,Honda Beat Esp Cbs Iss Dlx,2,16900000.0,110,2021.0,2,4,1
267,Honda Scoopy,2,18800000.0,110,2020.0,2,3,1
268,Honda New Pcx 150 Cbs,2,27000000.0,150,2018.0,2,5,1
269,Honda Beat Esp Cbs Iss Dlx,2,17000000.0,110,2021.0,2,3,1
270,Honda Vario 125 Cbs Iss,2,16000000.0,125,2019.0,2,4,1
271,Honda Beat Cbs Fi,2,16900000.0,110,2021.0,2,4,1
272,Honda New Scoopy Stylish,2,16000000.0,110,2021.0,2,2,1
273,Honda Vario 125 Cbs Iss,2,17700000.0,125,2018.0,2,4,1
274,Honda Vario 125 Cbs Iss,2,17700000.0,125,2018.0,2,4,1
275,Honda Vario 150 Esp Exclusive,2,16000000.0,150,2016.0,2,5,1
276,Honda New Beat Fi Cw-cbs Plus,2,17400000.0,110,2021.0,2,3,1
277,Honda New Beat Street Esp,2,16300000.0,110,2020.0,2,3,1
278,Honda Beat Cbs Fi,2,14800000.0,110,2019.0,2,5,1
279,Honda New Vario 125 Esp Cbs,2,19000000.0,125,2019.0,2,5,1
280,Honda New Beat Fi Cw-cbs Plus,2,17800000.0,110,2022.0,2,2,1
281,Honda New Scoopy Stylish,2,22700000.0,110,2021.0,2,2,1
282,Yamaha Aerox 155 Vva,9,24500000.0,155,2019.0,1,5,1
283,Honda Scoopy,2,21900000.0,110,2021.0,2,2,1
284,Yamaha Nmax Abs,4,23500000.0,155,2019.0,1,5,1
285,Honda Beat Fi Sporty Cw,6,17000000.0,110,2019.0,2,2,1
286,Honda Beat Fi Sporty Cbs Iss,6,16500000.0,110,2019.0,2,2,1
287,Honda Beat Fi Sporty Cbs,6,17000000.0,110,2019.0,2,2,1
288,Honda New Beat Street Esp,6,17000000.0,110,2019.0,2,2,1
289,Honda Beat Fi Sporty Cw,6,13500000.0,110,2016.0,2,4,1
290,Honda Adv 150 Cbs,6,31000000.0,150,2019.0,2,2,1
291,Honda Vario 150 Esp Exclusive,6,18000000.0,150,2016.0,2,2,1
292,Yamaha Aerox 155 Vva,4,23500000.0,125,2018.0,2,3,1
293,Honda Supra X 125 Cw,6,13500000.0,125,2018.0,2,2,1
294,Honda Beat Fi Sporty Cbs Iss,9,13990000.0,150,2018.0,2,5,1
295,Honda Cbr 150 Repsol,9,17500000.0,150,2015.0,1,5,1
296,Honda New Scoopy Stylish,9,18850000.0,110,2019.0,2,5,1
297,Honda Vario 125 Esp Cbs,9,13750000.0,125,2015.0,2,5,1
298,Yamaha Aerox 155 Vva,9,23500000.0,155,2018.0,2,3,1
299,Honda New Pcx 150 Abs,4,27900000.0,150,2019.0,2,4,1
300,Honda New Pcx 150 Abs,4,31000000.0,150,2020.0,2,5,1
301,Honda Supra X 125 Pgmfi Cw,9,12300000.0,125,2018.0,1,5,1
302,Honda New Vario 125 Esp Cbs,2,19000000.0,125,2019.0,2,2,1
303,Honda Beat Esp Cbs Iss Dlx,2,16800000.0,110,2021.0,2,2,1
304,Yamaha Nmax Abs,4,24500000.0,155,2019.0,1,5,1
305,Yamaha Aerox 155 Vva,4,24500000.0,125,2019.0,2,3,1
306,Yamaha Aerox 155 Vva,9,24500000.0,125,2018.0,2,5,1
307,Honda New Beat Fi Cw-cbs Plus,12,16500000.0,110,2021.0,2,2,1
308,Honda New Beat Fi Cw-cbs Plus,12,17500000.0,110,2021.0,2,2,1
309,Honda Vario 150 Esp Sporty,12,21500000.0,150,2021.0,2,2,1
310,Honda Beat Cbs Fi,2,15600000.0,110,2020.0,2,4,1
311,Honda Vario 150 Esp Sporty,2,23700000.0,150,2021.0,2,2,1
312,Honda Beat Cbs Fi,2,16800000.0,110,2021.0,2,2,1
313,Honda New Beat Street Esp,2,17600000.0,110,2021.0,2,2,1
314,Honda Beat Cbs Fi,2,17000000.0,110,2021.0,2,2,1
315,Honda New Beat Street Esp,2,16900000.0,110,2021.0,2,2,1
316,Honda Genio Iss,2,16800000.0,110,2021.0,2,2,1
317,Honda New Beat Street Esp,2,16900000.0,110,2021.0,2,2,1
318,Honda New Beat Street Esp,2,16300000.0,110,2020.0,2,2,1
319,Honda Beat Cbs Fi,2,14800000.0,110,2019.0,2,2,1
320,Honda New Beat Fi Cw-cbs Plus,2,17800000.0,110,2022.0,2,2,1
321,Honda Pcx,2,32100000.0,160,2021.0,2,2,1
322,Honda New Scoopy Stylish,2,22700000.0,110,2021.0,2,2,1
323,Honda Scoopy,2,21900000.0,110,2021.0,2,2,1
324,Honda Beat Fi Cbs Iss,2,13700000.0,110,2018.0,2,2,1
325,Honda New Vario 125 Esp Cbs,2,24000000.0,125,2022.0,2,2,1
326,Honda Beat Esp Cbs Iss Dlx,11,17400000.0,110,2021.0,2,3,1
327,Honda New Pcx 150 Abs,11,29300000.0,150,2019.0,2,5,1
328,Honda New Pcx 150 Cbs,11,29600000.0,150,2020.0,2,5,1
329,Honda Beat Cw Fi,6,13500000.0,110,2018.0,2,2,1
330,Honda Cbr 150 R,6,23500000.0,150,2018.0,2,2,1
331,Honda Cb150r Streetfire,6,17200000.0,150,2017.0,2,2,1
332,Honda Scoopy Esp,6,16700000.0,115,2017.0,2,2,1
333,Honda Cbr 150 R,6,26800000.0,155,2019.0,2,2,1
334,Honda New Cbr R Standar,6,23200000.0,150,2019.0,2,2,1
335,Yamaha Nmax Abs,9,23500000.0,125,2018.0,1,5,1
336,Honda New Beat Street Esp,6,15800000.0,110,2019.0,2,2,1
337,Honda New Revo Fi Cw,6,11200000.0,110,2016.0,2,4,1
338,Honda New Vario 125 Esp Cbs,6,17800000.0,125,2019.0,2,2,1
339,Honda New Beat Street Esp,6,15500000.0,125,2020.0,2,2,1
340,Honda Beat Fi Sporty Cw,6,15300000.0,110,2020.0,2,2,1
341,Honda Scoopy Esp,6,18800000.0,115,2019.0,2,2,1
342,Honda Beat Fisporty Cw Esp,6,16500000.0,110,2021.0,2,2,1
343,Honda Crf 150l,6,31500000.0,150,2019.0,2,2,1
344,Honda New Pcx 150 Abs,6,26900000.0,150,2019.0,2,2,1
345,Honda New Pcx 150 Cbs,6,25500000.0,150,2018.0,2,2,1
346,Honda Beat Fi Cw + Sporty,6,16500000.0,110,2020.0,2,2,1
347,Honda Scoopy Esp,6,17800000.0,115,2017.0,2,2,1
348,Honda Beat Fi Sporty Cw,6,14700000.0,110,2017.0,2,2,1
349,Honda New Scoopy Sporty,10,18850000.0,110,2019.0,2,3,1
350,Honda Vario 150 Esp Exclusive,10,19850000.0,150,2018.0,2,3,1
351,Honda Crf 150l,12,29500000.0,150,2020.0,1,3,1
352,Honda Vario 150 Esp Exclusive,12,17000000.0,150,2017.0,2,3,1
353,Honda Pcx,4,28000000.0,150,2019.0,2,2,1
354,Honda Cbr 150 R,6,25900000.0,150,2020.0,2,2,1
355,Honda Cbr 150 R,6,25700000.0,150,2020.0,2,2,1
356,Honda New Beat Street Esp,6,13800000.0,110,2018.0,2,2,1
357,Honda New Pcx 150 Abs,4,31500000.0,150,2020.0,2,3,1
358,Honda Beat,4,17000000.0,110,2021.0,2,3,1
359,Yamaha Aerox 155 Vva,4,24500000.0,125,2018.0,1,5,1
360,Yamaha Nmax Abs,9,23500000.0,125,2018.0,2,3,1
361,Yamaha Aerox 155 Vva,4,23500000.0,155,2018.0,1,3,1
362,Yamaha Aerox 155 Vva,9,24500000.0,125,2018.0,1,5,1
363,Honda Genio Cbs,6,17000000.0,115,2020.0,2,2,1
364,Honda New Scoopy Stylish,9,18990000.0,110,2019.0,2,5,1
365,Honda New Scoopy Prestige,1,21000000.0,110,2021.0,2,4,1
366,Honda Beat Esp Cbs Iss Dlx,4,16500000.0,110,2020.0,2,3,1
367,Honda Scoopy,4,16500000.0,110,2016.0,2,3,1
368,Honda Cbr 150 Rcr,4,21000000.0,150,2017.0,1,3,1
369,Honda Cbr 150 Rcr,4,22000000.0,150,2018.0,1,3,1
370,Honda Cbr 150 R,6,23800000.0,150,2017.0,1,5,1
371,Yamaha Nmax Abs,9,23500000.0,125,2018.0,2,3,1
372,Yamaha Aerox 155 Vva,4,23500000.0,155,2019.0,2,3,1
373,Yamaha Aerox 155 Vva,4,24500000.0,155,2018.0,1,3,1
374,Yamaha Aerox 155 Vva,4,23500000.0,125,2018.0,1,3,1
375,Yamaha Aerox 155 Vva,4,24500000.0,155,2018.0,1,3,1
376,Yamaha Nmax Abs,4,24500000.0,155,2019.0,1,5,1
377,Honda Beat Esp Cbs Iss Dlx,12,17500000.0,110,2021.0,2,2,1
378,Honda New Beat Fi Cw-cbs Plus,12,17500000.0,110,2021.0,2,2,1
379,Honda Vario 150 Esp Sporty,12,21500000.0,150,2021.0,2,2,1
380,Honda Vario 150 Esp Sporty,12,22500000.0,150,2020.0,2,2,1
381,Yamaha Nmax Abs,9,23500000.0,125,2019.0,1,3,1
382,Yamaha Aerox 155 Vva,4,24500000.0,125,2018.0,1,3,1
383,Yamaha Nmax Abs,4,23500000.0,125,2019.0,1,5,1
384,Yamaha Nmax Abs,4,23500000.0,125,2018.0,1,3,1
385,Yamaha Aerox 155 Vva,4,23500000.0,125,2019.0,2,5,1
386,Yamaha Nmax Abs,4,24500000.0,155,2018.0,1,3,1
387,Yamaha Aerox 155 Vva,9,23500000.0,125,2018.0,2,5,1
388,Yamaha Aerox 155 Vva,4,23500000.0,155,2019.0,2,5,1
389,Yamaha Nmax Abs,4,23500000.0,155,2018.0,1,3,1
390,Yamaha Aerox 155 Vva,4,24500000.0,125,2018.0,2,3,1
391,Honda Vario 125 Cbs Iss,6,18700000.0,125,2019.0,2,2,1
392,Honda Beat Esp Cbs Iss Dlx,6,17800000.0,110,2021.0,2,2,1
393,Honda New Pcx 150 Cbs,6,24500000.0,150,2018.0,2,2,1
394,Honda Vario 150 Esp Sporty,6,18500000.0,150,2017.0,2,2,1
395,Yamaha Nmax Abs,9,23500000.0,155,2018.0,1,3,1
396,Yamaha Aerox 155 Vva,4,24500000.0,125,2018.0,1,5,1
397,Yamaha Aerox 155 Vva,4,23500000.0,155,2018.0,1,5,1
398,Yamaha Aerox 155 Vva,4,24500000.0,155,2019.0,1,3,1
399,Yamaha Nmax Abs,4,24500000.0,155,2019.0,2,3,1
400,Yamaha Aerox 155 Vva,9,24500000.0,155,2018.0,1,3,1
401,Yamaha Aerox 155 Vva,4,24500000.0,155,2018.0,1,3,1
402,Yamaha Aerox 155 Vva,9,23500000.0,155,2019.0,1,5,1
403,Honda Vario 125 Esp Cbs,9,13680000.0,125,2015.0,2,5,1
404,Yamaha Nmax Abs,4,23500000.0,155,2019.0,1,3,1
405,Honda Cbr 150 Repsol,9,16970000.0,150,2015.0,1,5,1
406,Yamaha Nmax Abs,4,23500000.0,155,2019.0,1,5,1
407,Yamaha Aerox 155 Vva,4,24500000.0,155,2019.0,2,3,1
408,Yamaha Aerox 155 Vva,9,24500000.0,155,2019.0,1,3,1
409,Yamaha Nmax Abs,4,24500000.0,125,2018.0,2,5,1
410,Yamaha Aerox 155 Vva,9,23500000.0,125,2019.0,1,5,1
411,Yamaha Nmax Abs,9,24500000.0,155,2019.0,2,3,1
412,Honda New Vario 125 Esp Cbs,6,19000000.0,125,2019.0,2,2,1
413,Honda Vario 125 Esp Cbs,6,18000000.0,125,2018.0,2,2,1
414,Honda Supra Gtr 150 Exl,9,13900000.0,150,2018.0,1,4,1
415,Honda Beat,6,12700000.0,110,2017.0,2,2,1
416,Yamaha Nmax Abs,9,23500000.0,155,2018.0,1,5,1
417,Honda Beat Cbs Fi,4,13500000.0,110,2019.0,2,5,1
418,Honda Crf 150l,9,28500000.0,150,2020.0,1,4,1
419,Honda Pcx,9,33500000.0,160,2022.0,2,1,1
420,Honda Cbr 150 R,9,30500000.0,150,2021.0,1,1,1
421,Honda Cbr 150 R,9,29900000.0,150,2021.0,1,2,1
422,Honda Scoopy Esp,4,16500000.0,110,2016.0,2,3,1
423,Honda New Scoopy Sporty,4,21500000.0,110,2021.0,2,4,1
424,Honda New Vario Techno Cbs,4,29000000.0,160,2022.0,2,2,1
425,Honda Vario 150 Esp Sporty,9,23800000.0,150,2021.0,2,2,1
426,Honda Beat Fi Cbs Iss Plus,9,13950000.0,110,2018.0,2,5,1
427,Honda Vario 150 Esp Sporty,9,18800000.0,150,2018.0,2,5,1
428,Yamaha Nmax Abs,4,23500000.0,125,2018.0,2,5,1
429,Honda Cbr 150 R,9,18500000.0,150,2019.0,1,3,1
430,Honda New Scoopy Prestige,4,22000000.0,110,2021.0,2,4,1
431,Honda Beat Esp Cbs Iss Dlx,4,17500000.0,110,2021.0,2,3,1
432,Honda New Pcx 150 Abs,4,31000000.0,150,2020.0,2,5,1
433,Honda New Pcx 150 Abs,4,27900000.0,150,2019.0,2,3,1
436,Honda New Pcx 150 Abs,9,26000000.0,150,2018.0,2,3,1
437,Honda Vario 110 Cbs Advance,10,12500000.0,110,2016.0,2,5,1
438,Honda Vario 150 Esp Exclusive,10,16500000.0,150,2016.0,2,3,1
439,Honda Beat Fi Pop Cbs Esp,10,12850000.0,110,2018.0,2,4,1
440,Honda Beat Cbs Fi,10,14500000.0,110,2018.0,2,3,1
441,Honda Vario 125 Esp Cbs,10,19850000.0,125,2019.0,2,3,1
442,Honda Beat Fi Cbs Iss,10,13500000.0,110,2017.0,2,5,1
443,Honda New Beat Street Esp,10,17850000.0,110,2021.0,2,3,1
444,Yamaha Aerox 155 Vva,4,23500000.0,125,2019.0,2,5,1
445,Yamaha Aerox 155 Vva,4,24500000.0,155,2018.0,1,3,1
446,Honda Vario 125 Esp Cbs,10,17850000.0,125,2018.0,2,5,1
447,Honda Beat Fi Cbs Iss,10,14500000.0,110,2018.0,2,5,1
448,Honda Beat,10,11200000.0,110,2015.0,2,5,1
449,Yamaha Aerox 155 Vva,4,23500000.0,125,2018.0,2,3,1
450,Honda Vario 150 Esp Sporty,10,21850000.0,150,2020.0,2,3,1
451,Honda Beat Cw Fi,10,11250000.0,110,2015.0,2,5,1
452,Honda Beat Cw Fi,10,13850000.0,110,2018.0,2,3,1
453,Honda Vario 150 Esp Exclusive,10,16500000.0,150,2016.0,2,3,1
454,Honda Beat Fi Cbs Iss,10,16500000.0,110,2020.0,2,3,1
455,Honda Pcx,1,25000000.0,150,2018.0,2,2,1
456,Honda Cbr 150 R,6,19800000.0,150,2016.0,2,4,1
457,Honda New Beat Fi Cw-cbs Plus,6,14700000.0,110,2019.0,2,2,1
458,Yamaha Nmax Abs,9,23500000.0,155,2019.0,1,5,1
459,Yamaha Nmax Abs,9,24500000.0,155,2019.0,2,3,1
460,Yamaha Nmax Abs,4,24500000.0,155,2019.0,1,3,1
461,Yamaha Aerox 155 Vva,4,23500000.0,125,2018.0,2,5,1
462,Yamaha Aerox 155 Vva,4,23500000.0,125,2018.0,2,3,1
463,Yamaha Nmax Abs,4,24500000.0,155,2018.0,2,5,1
464,Yamaha Nmax Abs,4,23500000.0,155,2018.0,1,3,1
465,Yamaha Nmax Abs,9,23500000.0,125,2019.0,2,3,1
466,Yamaha Nmax Abs,9,24500000.0,155,2019.0,2,5,1
467,Yamaha Nmax Abs,9,23500000.0,155,2018.0,1,3,1
468,Yamaha Aerox 155 Vva,9,24500000.0,125,2018.0,1,3,1
469,Yamaha Aerox 155 Vva,4,23500000.0,125,2018.0,1,3,1
470,Yamaha Nmax Abs,9,23500000.0,125,2018.0,2,3,1
471,Yamaha Aerox 155 Vva,9,24500000.0,125,2019.0,2,3,1
472,Yamaha Nmax Abs,4,23500000.0,155,2018.0,1,5,1
473,Yamaha Aerox 155 Vva,4,24500000.0,125,2018.0,1,5,1
474,Yamaha Aerox 155 Vva,9,23500000.0,155,2018.0,1,5,1
475,Yamaha Aerox 155 Vva,4,23500000.0,155,2019.0,2,5,1
476,Yamaha Nmax Abs,9,23500000.0,155,2019.0,1,3,1
477,Yamaha Aerox 155 Vva,4,24500000.0,125,2019.0,1,5,1
478,Yamaha Aerox 155 Vva,9,23500000.0,155,2018.0,1,5,1
479,Honda Vario 150 Esp Sporty,12,20500000.0,150,2018.0,2,2,1
480,Honda Beat Cbs Fi,12,15000000.0,110,2019.0,2,2,1
481,Honda New Beat Fi Cw-cbs Plus,12,17500000.0,110,2021.0,2,2,1
482,Honda Vario 150 Esp Sporty,12,22500000.0,150,2020.0,2,2,1
483,Honda New Beat Fi Cw-cbs Plus,12,16500000.0,110,2021.0,2,2,1
484,Honda Vario 150 Esp Sporty,12,21500000.0,150,2018.0,2,2,1
485,Honda Beat Esp Cbs Iss Dlx,12,17500000.0,110,2021.0,2,2,1
486,Yamaha Nmax Abs,9,23500000.0,125,2018.0,1,5,1
487,Yamaha Aerox 155 Vva,4,23500000.0,125,2018.0,1,3,1
488,Yamaha Aerox 155 Vva,9,23500000.0,155,2019.0,1,5,1
489,Yamaha Aerox 155 Vva,9,23500000.0,155,2019.0,2,5,1
490,Honda Beat Fi Sporty Cbs,8,14000000.0,110,2019.0,2,5,1
491,Honda Beat Fi Sporty Cw,8,13800000.0,110,2018.0,2,5,1
492,Honda Beat Cbs Fi,8,12500000.0,110,2017.0,2,5,1
493,Honda Vario 150 Esp Exclusive,6,21500000.0,150,2019.0,2,2,1
494,Honda Vario 150 Esp Exclusive,6,21500000.0,150,2019.0,2,2,1
495,Honda Vario 150 Esp Exclusive,6,18500000.0,150,2018.0,2,2,1
496,Honda Vario 150 Esp Exclusive,6,21500000.0,150,2019.0,2,2,1
497,Honda Vario 150 Esp Exclusive,6,18500000.0,150,2018.0,2,2,1
498,Yamaha Nmax Abs,4,23500000.0,125,2019.0,2,3,1
499,Honda Beat Cbs Fi,6,14500000.0,110,2018.0,2,2,1
500,Honda New Vario 125 Esp Cbs,6,14500000.0,125,2016.0,2,2,1
501,Yamaha Nmax Abs,9,24500000.0,155,2019.0,1,3,1
502,Yamaha Aerox 155 Vva,4,24500000.0,125,2018.0,1,5,1
503,Yamaha Nmax Abs,9,24500000.0,125,2018.0,1,5,1
504,Yamaha Nmax Abs,9,24500000.0,155,2018.0,2,3,1
505,Yamaha Nmax Abs,4,23500000.0,125,2019.0,1,5,1
506,Yamaha Nmax Abs,9,23500000.0,125,2018.0,2,3,1
507,Yamaha Nmax Abs,9,23500000.0,125,2019.0,1,3,1
508,Yamaha Nmax Abs,4,24500000.0,155,2018.0,1,3,1
509,Yamaha Aerox 155 Vva,4,23500000.0,155,2019.0,1,5,1
510,Yamaha Aerox 155 Vva,4,24500000.0,125,2018.0,1,3,1
511,Yamaha Aerox 155 Vva,4,24500000.0,125,2018.0,1,3,1
512,Yamaha Aerox 155 Vva,9,24500000.0,155,2019.0,1,3,1
513,Yamaha Nmax Abs,9,23500000.0,125,2019.0,2,3,1
514,Yamaha Aerox 155 Vva,9,23500000.0,155,2019.0,2,5,1
515,Honda Vario 150 Esp Sporty,9,17100000.0,150,2017.0,2,5,1
517,Honda Beat Cw Fi,6,12700000.0,110,2017.0,2,2,1
518,Honda Genio Cbs,6,15500000.0,110,2019.0,2,2,1
519,Honda Genio Cbs,6,15500000.0,110,2019.0,2,2,1
520,Yamaha Aerox 155 Vva,9,23500000.0,155,2019.0,1,3,1
521,Yamaha Nmax Abs,9,24500000.0,155,2018.0,1,5,1
522,Yamaha Nmax Abs,9,24500000.0,155,2018.0,2,3,1
523,Yamaha Aerox 155 Vva,4,24500000.0,155,2019.0,1,3,1
524,Yamaha Nmax Abs,9,23500000.0,155,2018.0,1,5,1
525,Yamaha Aerox 155 Vva,4,23500000.0,125,2019.0,1,5,1
526,Yamaha Aerox 155 Vva,4,23500000.0,155,2019.0,1,3,1
527,Yamaha Aerox 155 Vva,9,24500000.0,155,2019.0,1,5,1
528,Yamaha Aerox 155 Vva,4,23500000.0,125,2018.0,2,5,1
529,Yamaha Aerox 155 Vva,4,24500000.0,125,2018.0,2,5,1
530,Yamaha Nmax Abs,9,24500000.0,125,2019.0,2,5,1
531,Yamaha Aerox 155 Vva,9,23500000.0,155,2019.0,1,3,1
532,Yamaha Aerox 155 Vva,9,24500000.0,125,2019.0,2,5,1
533,Yamaha Nmax Abs,4,23500000.0,125,2018.0,2,3,1
534,Yamaha Nmax Abs,9,23500000.0,155,2019.0,2,5,1
535,Yamaha Aerox 155 Vva,9,23500000.0,125,2018.0,2,5,1
536,Yamaha Aerox 155 Vva,4,24500000.0,155,2018.0,1,5,1
537,Honda Vario 125 Esp Cbs,10,18500000.0,125,2018.0,2,5,1
538,Honda Beat Cbs Fi,10,14500000.0,110,2018.0,2,5,1
539,Honda Genio Cbs,10,15500000.0,110,2020.0,2,3,1
540,Honda Beat Esp Cbs Iss Dlx,10,17800000.0,110,2020.0,2,3,1
542,Honda Cbr 150 Repsol,9,17600000.0,150,2015.0,1,5,1
543,Honda Beat Fi Sporty Cbs,12,16800000.0,110,2020.0,2,3,1
545,Yamaha Aerox 155 Vva,9,24500000.0,125,2019.0,2,3,1
546,Honda New Beat Street Esp,6,15000000.0,115,2019.0,2,2,1
547,Honda New Beat Street Esp,6,15000000.0,115,2019.0,2,2,1
548,Honda New Beat Street Esp,6,15500000.0,110,2020.0,2,2,1
549,Honda Vario 125 Cbs Iss,6,16000000.0,125,2017.0,2,2,1
550,Yamaha Aerox 155 Vva,9,24500000.0,125,2018.0,2,3,1
551,Yamaha Aerox 155 Vva,4,23500000.0,125,2018.0,1,5,1
552,Honda Vario 125 Esp Cbs,6,16500000.0,125,2018.0,2,2,1
553,Honda Genio Cbs,6,15000000.0,110,2019.0,2,2,1
554,Honda Genio Cbs,6,15000000.0,110,2019.0,2,2,1
555,Yamaha Nmax Abs,9,23500000.0,125,2019.0,2,3,1
556,Yamaha Aerox 155 Vva,9,23500000.0,155,2018.0,1,5,1
557,Yamaha Nmax Abs,9,24500000.0,155,2018.0,1,3,1
558,Yamaha Nmax Abs,9,24500000.0,155,2018.0,1,5,1
559,Yamaha Aerox 155 Vva,4,24500000.0,155,2019.0,2,3,1
560,Yamaha Aerox 155 Vva,4,23500000.0,155,2019.0,1,3,1
561,Yamaha Aerox 155 Vva,4,23500000.0,155,2019.0,2,5,1
562,Yamaha Nmax Abs,4,23500000.0,155,2018.0,1,3,1
563,Yamaha Nmax Abs,4,23500000.0,155,2018.0,1,3,1
564,Yamaha Aerox 155 Vva,4,24500000.0,155,2018.0,1,5,1
565,Yamaha Nmax Abs,9,24500000.0,125,2018.0,1,5,1
566,Yamaha Aerox 155 Vva,9,24500000.0,155,2018.0,1,5,1
567,Yamaha Aerox 155 Vva,9,23500000.0,155,2018.0,1,5,1
568,Yamaha Aerox 155 Vva,4,23500000.0,125,2019.0,2,3,1
569,Yamaha Aerox 155 Vva,9,23500000.0,125,2018.0,2,5,1
570,Honda Vario 150 Esp Exclusive,6,21500000.0,150,2019.0,2,2,1
571,Honda Adv 150 Cbs,6,30200000.0,150,2019.0,2,2,1
572,Honda Adv 150 Abs,6,30200000.0,150,2019.0,2,2,1
573,Honda Beat Fi Cbs Iss Plus,9,14300000.0,110,2018.0,2,5,1
574,Yamaha Nmax Abs,4,23500000.0,155,2019.0,1,3,1
575,Yamaha Aerox 155 Vva,9,23500000.0,155,2018.0,2,5,1
576,Honda New Beat Street Esp,6,16200000.0,125,2019.0,2,4,1
577,Yamaha Nmax Abs,9,23500000.0,155,2019.0,1,3,1
578,Yamaha Nmax Abs,4,24500000.0,155,2019.0,1,5,1
579,Yamaha Aerox 155 Vva,4,24500000.0,125,2018.0,1,5,1
580,Yamaha Aerox 155 Vva,4,23500000.0,155,2018.0,2,3,1
581,Yamaha Nmax Abs,4,24500000.0,155,2018.0,1,3,1
582,Yamaha Nmax Abs,9,24500000.0,125,2018.0,1,3,1
583,Yamaha Nmax Abs,9,24500000.0,125,2018.0,1,3,1
584,Yamaha Nmax Abs,4,24500000.0,125,2019.0,2,3,1
585,Yamaha Nmax Abs,4,24500000.0,125,2019.0,1,5,1
586,Yamaha Aerox 155 Vva,4,23500000.0,155,2019.0,2,5,1
587,Yamaha Nmax Abs,9,23500000.0,125,2018.0,2,3,1
588,Yamaha Aerox 155 Vva,4,23500000.0,125,2019.0,2,3,1
589,Honda Vario 150 Esp Exclusive,9,23800000.0,150,2021.0,2,2,1
590,Yamaha Aerox 155 Vva,9,23500000.0,155,2019.0,1,3,1
591,Yamaha Aerox 155 Vva,9,23500000.0,125,2019.0,2,3,1
592,Yamaha Aerox 155 Vva,9,24500000.0,155,2018.0,2,5,1
593,Yamaha Nmax Abs,9,23500000.0,155,2019.0,2,3,1
594,Yamaha Nmax Abs,9,23500000.0,125,2018.0,1,5,1
595,Honda New Scoopy Sporty,12,21500000.0,110,2021.0,2,3,1
596,Yamaha Aerox 155 Vva,4,24500000.0,125,2018.0,1,3,1
597,Yamaha Nmax Abs,9,23500000.0,155,2019.0,2,5,1
598,Yamaha Nmax Abs,4,24500000.0,125,2018.0,2,3,1
599,Honda New Scoopy Stylish,4,18500000.0,110,2018.0,2,3,1
600,Yamaha Nmax Abs,9,24500000.0,155,2018.0,2,3,1
601,Yamaha Nmax Abs,9,24500000.0,155,2019.0,1,3,1
602,Honda Scoopy,6,14500000.0,110,2018.0,2,2,1
603,Yamaha Nmax Abs,9,24500000.0,125,2018.0,2,5,1
604,Yamaha Aerox 155 Vva,9,23500000.0,155,2019.0,1,3,1
605,Honda New Beat Street Esp,10,17850000.0,110,2021.0,2,3,1
606,Yamaha Nmax Abs,4,23500000.0,155,2018.0,2,5,1
607,Honda New Beat Street Esp,10,17850000.0,110,2021.0,2,3,1
608,Yamaha Nmax Abs,9,23500000.0,155,2019.0,2,3,1
609,Yamaha Nmax Abs,9,23500000.0,125,2018.0,2,3,1
610,Yamaha Aerox 155 Vva,9,24500000.0,155,2018.0,1,5,1
611,Yamaha Nmax Abs,9,23500000.0,155,2019.0,2,3,1
612,Yamaha Aerox 155 Vva,4,24500000.0,125,2019.0,1,5,1
613,Yamaha Nmax Abs,4,24500000.0,125,2019.0,2,3,1
614,Yamaha Aerox 155 Vva,9,23500000.0,125,2019.0,1,5,1
615,Yamaha Nmax Abs,4,23500000.0,125,2019.0,2,3,1
616,Yamaha Aerox 155 Vva,4,24500000.0,125,2018.0,2,3,1
617,Yamaha Nmax Abs,4,24500000.0,155,2018.0,1,5,1
618,Yamaha Aerox 155 Vva,4,23500000.0,155,2019.0,2,5,1
619,Yamaha Aerox 155 Vva,9,24500000.0,125,2018.0,2,3,1
620,Yamaha Nmax Abs,9,24500000.0,155,2018.0,2,5,1
621,Yamaha Nmax Abs,4,24500000.0,125,2018.0,2,3,1
622,Yamaha Nmax Abs,9,23500000.0,125,2018.0,2,3,1
623,Yamaha Nmax Abs,9,24500000.0,155,2019.0,1,3,1
624,Yamaha Nmax Abs,4,23500000.0,125,2018.0,1,5,1
625,Yamaha Nmax Abs,9,24500000.0,125,2018.0,1,3,1
626,Yamaha Aerox 155 Vva,9,23500000.0,125,2018.0,2,3,1
627,Yamaha Aerox 155 Vva,4,24500000.0,155,2019.0,1,5,1
628,Yamaha Aerox 155 Vva,4,23500000.0,155,2019.0,2,5,1
629,Yamaha Aerox 155 Vva,4,23500000.0,155,2019.0,1,5,1
630,Yamaha Aerox 155 Vva,9,24500000.0,155,2018.0,2,5,1
631,Yamaha Nmax Abs,9,24500000.0,125,2018.0,2,3,1
632,Honda New Scoopy Sporty,9,18860000.0,110,2019.0,2,3,1
633,Yamaha Aerox 155 Vva,9,23500000.0,155,2018.0,1,5,1
634,Yamaha Aerox 155 Vva,9,23500000.0,125,2018.0,2,5,1
635,Yamaha Nmax Abs,9,24500000.0,125,2018.0,2,3,1
636,Yamaha Aerox 155 Vva,4,23500000.0,125,2018.0,2,3,1
637,Yamaha Nmax Abs,4,23500000.0,155,2018.0,2,5,1
638,Honda Vario 150 Esp Sporty,9,18800000.0,150,2018.0,2,5,1
639,Yamaha Nmax Abs,9,23500000.0,155,2018.0,2,3,1
640,Yamaha Nmax Abs,9,24500000.0,155,2018.0,2,5,1
641,Yamaha Aerox 155 Vva,4,23500000.0,155,2018.0,1,3,1
642,Honda Beat Fi Cbs Iss,10,13500000.0,110,2017.0,2,5,1
643,Honda Crf 150l,6,28000000.0,150,2019.0,2,2,1
644,Honda Crf 150l,6,28000000.0,150,2019.0,2,2,1
645,Honda Beat Cw Fi,6,12700000.0,115,2017.0,2,2,1
646,Honda Vario 150 Esp Exclusive,6,18500000.0,150,2018.0,2,2,1
647,Honda New Scoopy Prestige,12,20500000.0,150,2020.0,2,4,1
648,Yamaha Nmax Abs,9,24500000.0,155,2018.0,2,5,1
649,Yamaha Aerox 155 Vva,9,23500000.0,155,2018.0,1,3,1
650,Honda New Scoopy Stylish,4,16500000.0,110,2017.0,2,3,1
651,Yamaha Nmax Abs,4,24500000.0,155,2018.0,2,5,1
652,Honda Cbr 150 Rcr,9,18500000.0,150,2019.0,1,3,1
653,Honda Beat Cbs Fi,10,14500000.0,110,2018.0,2,3,1
654,Honda Vario 150 Esp Exclusive,10,16500000.0,150,2016.0,2,3,1
655,Honda Vario 110 Cbs Advance,10,12500000.0,110,2016.0,2,5,1
656,Honda Beat Fi Pop Cbs Iss,10,12850000.0,110,2018.0,2,4,1
657,Yamaha Aerox 155 Vva,4,23500000.0,125,2018.0,1,5,1
658,Yamaha Nmax Abs,4,23500000.0,155,2018.0,2,5,1
659,Yamaha Nmax Abs,9,23500000.0,125,2019.0,2,5,1
660,Yamaha Nmax Abs,4,23500000.0,155,2018.0,2,3,1
661,Honda Vario 125 Cbs Iss,10,19850000.0,125,2019.0,2,3,1
662,Honda Beat Fi Cbs Iss,10,17500000.0,110,2020.0,2,4,1
663,Honda Cb150r Streetfire,11,19500000.0,150,2019.0,1,3,1
664,Honda Vario 125 Esp Cbs,8,14700000.0,125,2017.0,2,5,1
665,Honda New Vario Techno Cbs,9,17550000.0,150,2017.0,2,5,1
666,Honda Crf 150l,9,32700000.0,150,2021.0,2,2,1
667,Yamaha Aerox 155 Vva,9,23500000.0,155,2019.0,1,5,1
668,Honda Beat,4,16700000.0,110,2021.0,2,3,1
669,Honda Pcx,4,31000000.0,150,2021.0,2,3,1
670,Honda New Beat Street Esp,10,18500000.0,110,2021.0,2,3,1
671,Honda New Beat Street Esp,10,18500000.0,110,2021.0,2,3,1
672,Honda Cbr 150 Repsol,11,19500000.0,150,2016.0,1,3,1
673,Honda Beat Cw Fi,11,14200000.0,110,2019.0,2,2,1
674,Honda Nscoopy Fi Sport Mtro,9,18860000.0,110,2019.0,2,3,1
675,Honda Nscoopy Fi Sport Mtro,11,19500000.0,110,2020.0,2,4,1
676,Honda Cb150r Streetfire,11,19500000.0,150,2019.0,1,3,1
677,Honda Cbr 150 Repsol,11,19500000.0,150,2016.0,2,3,1
678,Honda New Scoopy Stylish,4,21500000.0,110,2021.0,2,4,1
679,Honda Scoopy,4,19700000.0,110,2020.0,2,3,1
680,Honda Beat,4,17000000.0,110,2020.0,2,3,1
681,Honda Vario Techno 110,10,13500000.0,110,2018.0,2,5,1
682,Honda Beat Cbs Fi,10,14850000.0,110,2018.0,2,3,1
683,Yamaha Nmax Abs,9,24500000.0,125,2019.0,2,3,1
684,Yamaha Aerox 155 Vva,4,24500000.0,155,2019.0,1,3,1
685,Honda New Vario Techno Cbs,9,18680000.0,150,2018.0,2,5,1
686,Honda Scoopy Esp,9,16600000.0,110,2017.0,2,4,1
687,Honda New Pcx 150 Abs,9,28000000.0,150,2019.0,2,3,1
688,Honda Vario 150 Esp Sporty,9,14500000.0,150,2015.0,2,5,1
689,Honda Scoopy Esp,9,16600000.0,110,2017.0,2,5,1
690,Honda Vario 150 Esp Exclusive,9,23800000.0,150,2019.0,2,2,1
691,Honda Vario 150 Esp Exclusive,9,21000000.0,150,2020.0,2,3,1
692,Honda New Scoopy Prestige,9,21000000.0,110,2021.0,2,3,1
693,Honda Beat Cbs Fi,9,14500000.0,110,2019.0,2,3,1
694,Honda Beat Cbs Fi,9,13400000.0,110,2018.0,2,3,1
695,Honda Scoopy Esp,9,13800000.0,110,2016.0,2,3,1
696,Honda Beat Cbs Fi,9,14500000.0,110,2019.0,2,3,1
697,Honda Scoopy,9,12700000.0,110,2015.0,2,5,1
698,Yamaha Nmax Abs,4,24500000.0,125,2019.0,2,3,1
699,Yamaha Nmax Abs,9,23500000.0,125,2018.0,2,5,1
700,Yamaha Aerox 155 Vva,4,24500000.0,155,2019.0,1,3,1
701,Honda Beat Esp Cbs Iss Dlx,12,16500000.0,110,2021.0,2,4,1
702,Honda Cbr 150 R,11,24100000.0,150,2019.0,1,3,1
703,Honda Vario 150 Esp Exclusive,10,21250000.0,150,2019.0,2,3,1
704,Honda New Scoopy Stylish,11,21500000.0,110,2021.0,2,4,1
705,Honda Beat Fi Cbs Esp Plus,9,13900000.0,110,2018.0,2,5,1
706,Honda Beat Cbs Fi,9,10750000.0,110,2016.0,2,5,1
707,Honda New Beat Street Esp,16,16600000.0,110,2021.0,2,4,1
708,Yamaha Nmax Abs,4,23500000.0,125,2018.0,1,5,1
709,Yamaha Nmax Abs,4,24500000.0,155,2018.0,2,5,1
710,Honda Scoopy,9,12500000.0,110,2019.0,2,3,1
711,Honda New Pcx 150 Abs,9,29300000.0,150,2019.0,2,3,1
712,Honda Beat Cbs Fi,9,16000000.0,110,2020.0,2,3,1
713,Honda Vario 125 Esp Cbs,9,16200000.0,125,2016.0,2,5,1
714,Honda Vario 150 Esp Exclusive,11,16700000.0,150,2017.0,2,5,1
715,Yamaha Aerox 155 Vva,9,23500000.0,155,2019.0,2,3,1
716,Yamaha Nmax Abs,4,24500000.0,155,2019.0,1,3,1
717,Honda New Vario Techno Cbs,9,14800000.0,150,2015.0,2,5,1
718,Honda Beat Cbs Fi,4,16000000.0,110,2021.0,2,5,1
719,Honda Scoopy Esp,11,17400000.0,110,2018.0,2,4,1
720,Honda Beat Fi Sporty Cbs,11,13000000.0,110,2018.0,2,2,1
721,Honda Beat Fi Sporty Cbs,11,16300000.0,110,2021.0,2,4,1
722,Honda Beat Esp Cbs Iss Dlx,11,16200000.0,110,2021.0,2,3,1
723,Honda New Beat Fi Cw-cbs Plus,4,17000000.0,110,2021.0,2,3,1
724,Honda New Cbr R Standar,11,20100000.0,150,2017.0,2,5,1
725,Honda New Pcx 150 Cbs,11,27200000.0,150,2018.0,2,5,1
726,Honda Beat Fi Sporty Cbs Iss,11,16100000.0,110,2022.0,2,2,1
727,Yamaha Aerox 155 Vva,9,23500000.0,125,2019.0,2,5,1
728,Honda Pcx Hybrid,11,28600000.0,150,2019.0,2,5,1
729,Honda Cbr 150 Rcr,11,24500000.0,150,2019.0,2,3,1
730,Honda Beat Fi Sporty Cbs Iss,11,17500000.0,110,2021.0,2,3,1
731,Honda Vario 150 Esp Exclusive,11,16700000.0,150,2017.0,2,5,1
732,Honda Vario 125 Cbs Iss,9,17300000.0,125,2018.0,2,5,1
733,Honda Genio Iss,9,14700000.0,125,2019.0,2,3,1
734,Honda Cbr 150 Rcr,9,18500000.0,150,2016.0,1,2,1
735,Honda Cbr 150 Rcr,9,29900000.0,150,2021.0,2,2,1
736,Honda Beat,10,17700000.0,110,2020.0,2,3,1
737,Honda Beat,10,17700000.0,110,2021.0,2,3,1
738,Honda Vario 125 Cbs Iss,10,15500000.0,125,2016.0,2,5,1
739,Honda Vario 110 Cbs Advance,10,13250000.0,110,2017.0,2,5,1
740,Honda Beat,10,14500000.0,110,2018.0,2,5,1
741,Honda New Scoopy Stylish,12,17800000.0,150,2019.0,2,3,1
742,Honda Vario 150 Esp Sporty,12,19500000.0,150,2019.0,2,3,1
743,Honda New Scoopy Stylish,12,18800000.0,110,2020.0,2,3,1
744,Yamaha Aerox 155 Vva,4,23500000.0,155,2018.0,1,5,1
745,Honda Beat Cbs Fi,11,15800000.0,110,2021.0,2,3,1
746,Honda Beat Esp Cbs Iss Dlx,11,16200000.0,110,2021.0,2,2,1
747,Honda Beat Fi Sporty Cw,11,13900000.0,110,2019.0,2,5,1
748,Honda Vario 125 Esp Cbs,11,16400000.0,125,2018.0,2,5,1
749,Honda Beat Fi Sporty Cw,11,13000000.0,110,2018.0,2,2,1
750,Honda New Cbr R Standar,11,24100000.0,150,2019.0,1,5,1
751,Honda Vario 125 Cbs Iss,11,17800000.0,125,2019.0,2,5,1
752,Honda Beat Esp Cbs Iss Dlx,11,15800000.0,110,2020.0,2,5,1
753,Honda New Beat Street Esp,11,15100000.0,110,2019.0,2,5,1
754,Honda New Cbr R Standar,16,24100000.0,150,2019.0,1,3,1
755,Yamaha Nmax Abs,4,24500000.0,155,2018.0,2,5,1
756,Honda Vario 125 Esp Cbs,10,14500000.0,125,2015.0,2,5,1
757,Yamaha Nmax Abs,9,24500000.0,125,2019.0,1,3,1
758,Honda Vario 150 Esp Exclusive,11,18400000.0,150,2018.0,2,5,1
759,Yamaha Nmax Abs,4,23500000.0,125,2019.0,1,5,1
760,Yamaha Nmax Abs,4,24500000.0,125,2018.0,1,5,1
761,Honda Vario 150 Esp Exclusive,12,18750000.0,150,2018.0,2,3,1
762,Honda Beat Cbs Fi,4,13900000.0,110,2019.0,2,4,1
763,Yamaha Aerox 155 Vva,9,23500000.0,125,2019.0,2,5,1
764,Honda New Beat Street Esp,4,16700000.0,110,2021.0,2,3,1
765,Honda Beat,4,16000000.0,110,2021.0,2,5,1
766,Yamaha Aerox 155 Vva,9,24500000.0,155,2018.0,2,3,1
767,Honda Cbr 150 R,6,21500000.0,150,2018.0,2,4,1
768,Yamaha Nmax Abs,4,23500000.0,125,2018.0,1,5,1
769,Yamaha Nmax Abs,9,24500000.0,155,2019.0,2,3,1
770,Honda Vario 150 Esp Exclusive,10,20800000.0,150,2019.0,2,3,1
771,Honda Vario 150 Esp Exclusive,10,20500000.0,150,2019.0,2,5,1
772,Honda New Scoopy Sporty,10,18850000.0,110,2019.0,2,5,1
773,Honda Beat Fi Pop Cbs Esp,10,11500000.0,110,2016.0,2,5,1
774,Honda New Scoopy Stylish,10,18850000.0,110,2019.0,2,3,1
775,Honda Vario Techno 110,10,13250000.0,110,2017.0,2,5,1
776,Honda New Beat Street Esp,10,14750000.0,110,2017.0,2,3,1
777,Yamaha Nmax Abs,4,23500000.0,125,2018.0,2,3,1
778,Honda Beat Cbs Fi,10,14500000.0,110,2018.0,2,5,1
779,Yamaha Nmax Abs,9,23500000.0,155,2018.0,2,5,1
780,Honda New Vario Techno Cbs,9,19800000.0,150,2019.0,2,1,1
781,Honda Supra X 125 Injeksi,9,10400000.0,125,2016.0,1,5,1
782,Honda New Scoopy Stylish,1,19000000.0,110,2021.0,2,2,1
783,Yamaha Aerox 155 Vva,9,23500000.0,155,2019.0,2,3,1
784,Honda New Supra X 125 Cw,6,13500000.0,125,2018.0,2,3,1
785,Honda Beat Fisporty Cbsplus,4,18000000.0,125,2021.0,2,2,1
786,Honda Beat Cbs Fi,6,18000000.0,125,2021.0,2,4,1
787,Honda Vario 150 Esp Sporty,4,20500000.0,150,2021.0,2,4,1
788,Honda Vario 110 Cbs Advance,10,13850000.0,110,2017.0,2,3,1
789,Honda Vario 125 Esp Cbs,10,15500000.0,125,2016.0,2,5,1
790,Honda Vario 110 Cbs Advance,10,13500000.0,110,2017.0,2,3,1
791,Yamaha Nmax Abs,4,24500000.0,155,2018.0,1,5,1
792,Yamaha Nmax Abs,4,23500000.0,155,2019.0,1,3,1
793,Yamaha Aerox 155 Vva,4,23500000.0,155,2019.0,1,5,1
794,Yamaha Nmax Abs,9,24500000.0,155,2019.0,1,3,1
795,Honda New Pcx 150 Abs,4,27900000.0,150,2019.0,2,3,1
796,Yamaha Nmax Abs,9,24500000.0,155,2018.0,1,5,1
797,Honda Supra X 125 Injeksi,4,10000000.0,125,2015.0,2,5,1
798,Honda Crf 150l,5,32000000.0,150,2020.0,1,3,1
799,Honda Vario 125 Cbs Iss,10,15850000.0,125,2017.0,2,5,1
800,Honda Beat Fi Cbs Iss,10,14500000.0,110,2019.0,2,5,1
801,Honda Beat Fi Cbs Iss,10,14500000.0,110,2018.0,2,5,1
802,Honda Beat Esp Cbs Iss Dlx,10,17700000.0,110,2021.0,2,2,1
803,Honda Pcx,9,34000000.0,160,2021.0,2,2,1
804,Honda Beat Esp Cbs Iss Dlx,4,17000000.0,110,2021.0,2,4,1
805,Honda New Beat Popespcwcomic,4,16500000.0,110,2021.0,2,4,1
806,Honda Beat,4,16500000.0,110,2021.0,2,3,1
807,Honda Beat Fi Cbs Iss,4,17000000.0,110,2021.0,2,2,1
808,Honda Beat Cbs Fi,4,16500000.0,110,2021.0,2,2,1
809,Honda Genio Cbs,4,17500000.0,125,2022.0,2,2,1
810,Honda Vario 125 Esp Cbs,4,19500000.0,125,2020.0,2,3,1
811,Honda New Scoopy Stylish,4,20500000.0,110,2020.0,2,3,1
812,Honda Genio Cbs,4,15500000.0,110,2020.0,2,5,1
813,Yamaha Aerox 155 Vva,9,23500000.0,125,2018.0,2,3,1
814,Honda New Beat Street Esp,4,16700000.0,110,2021.0,2,3,1
815,Honda Crf 150l,9,29500000.0,150,2020.0,1,3,1
816,Honda Beat Esp Cbs Iss Dlx,9,16500000.0,110,2020.0,2,2,1
817,Yamaha Nmax Abs,9,23500000.0,125,2018.0,2,3,1
818,Yamaha Nmax Abs,9,23500000.0,125,2019.0,1,5,1
819,Yamaha Nmax Abs,4,23500000.0,125,2018.0,1,3,1
820,Yamaha Aerox 155 Vva,4,24500000.0,125,2019.0,1,5,1
821,Yamaha Nmax Abs,4,24500000.0,155,2019.0,1,3,1
822,Yamaha Aerox 155 Vva,4,23500000.0,155,2019.0,1,5,1
823,Yamaha Aerox 155 Vva,9,24500000.0,155,2019.0,2,5,1
824,Yamaha Aerox 155 Vva,4,24500000.0,155,2019.0,2,3,1
825,Honda Beat Fi Sporty Cbs,5,17000000.0,110,2021.0,2,1,1
826,Honda Beat Fi Sporty Cbs,5,17000000.0,110,2021.0,2,2,1
827,Honda Beat Fi Sporty Cbs,5,17000000.0,110,2021.0,2,2,1
828,Honda Genio Cbs,5,16500000.0,110,2021.0,2,4,1
829,Yamaha Nmax Abs,4,23500000.0,125,2019.0,2,3,1
830,Yamaha Aerox 155 Vva,4,24500000.0,125,2018.0,1,5,1
831,Honda New Scoopy Sporty,5,20000000.0,110,2021.0,2,2,1
832,Yamaha Nmax Abs,4,24500000.0,155,2019.0,1,3,1
833,Honda New Scoopy Stylish,10,18850000.0,110,2020.0,2,5,1
834,Yamaha Aerox 155 Vva,9,23500000.0,125,2018.0,2,3,1
835,Honda Beat Esp Cbs Iss Dlx,10,17750000.0,110,2021.0,2,2,1
836,Honda Supra X 125 R,10,9850000.0,125,2015.0,2,5,1
837,Honda Beat Cw Fi,10,10850000.0,110,2015.0,2,5,1
838,Honda Beat Cw Fi,10,15500000.0,110,2019.0,2,3,1
839,Honda Vario 150 Esp Exclusive,10,19500000.0,150,2018.0,2,3,1
840,Yamaha Aerox 155 Vva,4,24500000.0,125,2019.0,2,3,1
841,Honda Vario 150 Esp Sporty,12,21500000.0,150,2021.0,2,2,1
842,Honda Beat Esp Cbs Iss Dlx,9,16300000.0,110,2021.0,2,3,1
843,Honda Pcx,9,29000000.0,150,2019.0,2,3,1
844,Honda Beat Cw Fi,10,11250000.0,110,2016.0,2,5,1
845,Honda Vario 150 Esp Exclusive,10,14850000.0,150,2015.0,2,5,1
846,Honda New Beat Street Esp,10,15500000.0,110,2020.0,2,4,1
847,Yamaha Nmax Abs,9,24500000.0,155,2019.0,2,3,1
848,Honda New Scoopy Stylish,14,18500000.0,150,2020.0,2,2,1
849,Honda Vario 125 Esp Cbs,14,17800000.0,125,2018.0,2,3,1
850,Honda Vario 125 Cbs Iss,10,19500000.0,125,2019.0,2,3,1
851,Yamaha Aerox 155 Vva,9,24500000.0,155,2019.0,1,5,1
852,Honda New Scoopy Sporty,11,18000000.0,110,2020.0,2,3,1
854,Honda New Scoopy Prestige,11,24500000.0,110,2022.0,2,2,1
855,Honda Adv 150 Cbs,11,30700000.0,150,2020.0,2,4,1
856,Honda Beat Fisporty Cbsplus,11,13900000.0,110,2018.0,2,2,1
857,Honda Vario 125 Esp Cbs,12,18750000.0,125,2018.0,2,3,1
858,Honda Vario 110 Cbs Advance,10,12500000.0,110,2016.0,2,4,1
859,Honda Beat Fi Pop Cw,10,10250000.0,110,2015.0,2,3,1
860,Honda Vario 125 Cbs Iss,10,19500000.0,125,2019.0,2,3,1
861,Honda Pcx,9,35000000.0,160,2022.0,2,2,1
862,Honda Vario 125 Cbs Iss,10,19850000.0,125,2020.0,2,2,1
863,Honda Beat Cbs Fi,10,16850000.0,110,2021.0,2,4,1
864,Honda Vario 125 Esp Cbs,10,15850000.0,125,2017.0,2,5,1
865,Honda Beat,10,13500000.0,110,2017.0,2,3,1
866,Honda Adv 150 Cbs,15,28950000.0,150,2020.0,2,2,1
867,Yamaha Aerox 155 Vva,4,23500000.0,155,2019.0,1,3,1
868,Honda Crf 150l,6,27500000.0,150,2018.0,1,2,1
869,Honda Crf 150l,1,31500000.0,150,2020.0,1,4,1
870,Honda Crf 150l,1,31500000.0,150,2020.0,1,4,1
871,Honda Supra Gtr 150 Exl,10,12500000.0,150,2017.0,1,4,1
872,Honda Beat Cbs Fi,4,16000000.0,110,2021.0,2,5,1
873,Honda Beat Cbs Fi,4,16000000.0,110,2021.0,2,3,1
874,Honda Beat,10,14500000.0,110,2019.0,2,3,1
875,Honda Vario 125 Cbs Iss,10,19500000.0,125,2019.0,2,3,1
876,Honda Vario 125 Esp Cbs,10,19500000.0,125,2019.0,2,3,1
877,Honda Beat,10,10850000.0,110,2015.0,2,3,1
878,Yamaha Aerox 155 Vva,9,24500000.0,125,2018.0,1,5,1
879,Honda Scoopy,10,20000000.0,110,2020.0,2,3,1
880,Honda Cbr 150 Rcr,10,17850000.0,150,2019.0,1,4,1
881,Honda Vario Techno 110,10,12300000.0,110,2016.0,2,5,1
882,Honda Scoopy,10,14500000.0,110,2016.0,2,3,1
883,Honda Adv 150 Cbs,15,28950000.0,150,2020.0,2,3,1
884,Honda Vario Techno 110,10,12300000.0,110,2018.0,2,3,1
885,Honda Scoopy,10,14500000.0,110,2016.0,2,3,1
887,Honda Genio Iss,4,15500000.0,110,2019.0,2,3,1
888,Yamaha Aerox 155 Vva,9,23500000.0,155,2019.0,1,5,1
889,Honda Cbr 150 R,6,19800000.0,150,2016.0,1,2,1
890,Honda New Beat Street Esp,6,14800000.0,110,2019.0,1,2,1
891,Honda Pcx,6,26000000.0,150,2019.0,1,2,1
892,Honda New Beat Street Esp,6,14800000.0,110,2019.0,1,2,1
893,Honda Beat Fi Cbs Iss,6,12800000.0,110,2018.0,1,2,1
894,Honda Beat,9,16200000.0,110,2021.0,2,3,1
895,Honda Supra X 125 Injeksi,10,9850000.0,125,2015.0,1,5,1
896,Honda Beat Cw,10,10850000.0,110,2015.0,2,3,1
897,Honda New Scoopy Stylish,10,19850000.0,110,2020.0,2,3,1
898,Honda Beat Fi Cbs Esp Plus,6,16500000.0,125,2021.0,2,4,1
899,Honda Vario 110 Cbs Advance,10,11500000.0,110,2016.0,2,3,1
900,Honda Beat,10,16800000.0,110,2021.0,2,4,1
901,Honda Vario 150 Esp Sporty,10,19800000.0,150,2019.0,2,5,1
902,Honda Scoopy,6,14000000.0,113,2016.0,2,5,1
903,Yamaha Nmax Abs,9,23500000.0,155,2018.0,2,5,1
904,Yamaha Aerox 155 Vva,4,23500000.0,125,2018.0,2,3,1
905,Honda Beat Fi Cbs Iss,6,12500000.0,110,2017.0,2,2,1
906,Honda Beat,10,11000000.0,110,2015.0,2,5,1
907,Honda Vario 125 Cbs Iss,9,16800000.0,125,2019.0,2,3,1
908,Honda Adv 150 Cbs,9,27500000.0,150,2019.0,2,3,1
909,Honda Vario 150 Esp Sporty,9,19500000.0,150,2019.0,2,3,1
910,Honda Vario Techno 110,9,11000000.0,110,2015.0,2,3,1
911,Honda Scoopy,9,20500000.0,150,2020.0,2,4,1
912,Honda Vario 150 Esp Sporty,9,19500000.0,150,2019.0,2,3,1
913,Honda Beat,15,13200000.0,110,2018.0,2,3,1
914,Honda Beat,15,13200000.0,110,2018.0,2,5,1
915,Honda Beat Custic,15,13250000.0,110,2018.0,2,3,1
916,Honda Vario 150 Esp Sporty,15,18500000.0,150,2018.0,2,5,1
917,Yamaha Nmax Abs,4,24500000.0,155,2019.0,2,3,1
918,Yamaha Aerox 155 Vva,4,24500000.0,125,2019.0,2,3,1
919,Honda New Cbr 150r Tricolor,10,24800000.0,150,2018.0,1,3,1
920,Honda Beat Fi Pop Cbs Esp,10,10500000.0,110,2016.0,2,5,1
921,Yamaha Nmax Abs,9,23500000.0,125,2018.0,1,5,1
922,Honda Revo Cw,10,8850000.0,110,2018.0,1,5,1
923,Honda Vario 150 Esp Exclusive,10,16500000.0,150,2016.0,2,5,1
924,Honda Vario 150 Esp Exclusive,10,20500000.0,150,2019.0,2,5,1
925,Yamaha Aerox 155 Vva,9,23500000.0,155,2018.0,1,3,1
926,Honda Beat Fi Cbs Iss,10,14250000.0,110,2019.0,2,3,1
927,Honda Beat Cbs Fi,10,10850000.0,110,2015.0,2,3,1
928,Yamaha Aerox 155 Vva,9,23500000.0,155,2018.0,1,5,1
929,Honda Vario 125 Cbs Iss,10,18500000.0,125,2019.0,2,3,1
930,Honda Beat Cbs Fi,10,13900000.0,110,2019.0,2,3,1
931,Honda Beat Cbs Fi,10,12800000.0,110,2017.0,2,3,1
932,Honda Vario 150 Esp Exclusive,10,19850000.0,150,2019.0,2,3,1
933,Honda Vario 125 Cbs Iss,10,15500000.0,125,2017.0,2,5,1
934,Yamaha Aerox 155 Vva,4,23500000.0,155,2019.0,2,3,1
935,Honda Scoopy Esp,10,13850000.0,110,2016.0,2,3,1
936,Honda New Beat Street Esp,9,15700000.0,110,2019.0,2,3,1
937,Honda Crf 150l,15,31000000.0,150,2021.0,1,2,1
938,Honda Beat Cw,15,16500000.0,110,2021.0,2,3,1
939,Honda Beat Cbs Fi,15,13500000.0,110,2018.0,2,3,1
940,Honda Pcx,15,31000000.0,160,2021.0,2,3,1
941,Honda Beat,15,13500000.0,110,2018.0,2,3,1
942,Honda Vario Techno 110,15,13550000.0,110,2017.0,2,3,1
943,Honda Beat,15,12250000.0,110,2017.0,2,5,1
944,Honda Genio Iss,9,14900000.0,110,2020.0,2,3,1
945,Honda Beat Fi Sporty Cbs Iss,9,15900000.0,110,2021.0,2,3,1
946,Honda Beat Fi Cbs Iss,9,15900000.0,110,2021.0,2,4,1
947,Honda Beat Cw Fi,9,11800000.0,110,2018.0,2,5,1
948,Honda Beat Cbs Fi,9,14700000.0,110,2020.0,2,3,1
949,Honda New Scoopy Sporty,9,12100000.0,110,2015.0,2,4,1
950,Honda Beat Fi Sporty Cw,9,13400000.0,110,2019.0,2,3,1
951,Honda Beat Cbs Fi,9,15700000.0,110,2021.0,2,4,1
952,Honda Vario 150 Esp Sporty,9,21900000.0,150,2021.0,2,4,1
953,Yamaha Aerox 155 Vva,9,23500000.0,125,2019.0,2,5,1
954,Honda Beat Cw Fi,10,14000000.0,110,2019.0,2,3,1
955,Honda New Scoopy Stylish,10,19500000.0,110,2020.0,2,5,1
956,Honda Beat Cw Fi,10,13850000.0,110,2019.0,2,3,1
957,Honda Vario 125 Esp Cbs,10,18500000.0,125,2019.0,2,2,1
958,Honda Beat Esp Cbs Iss Dlx,10,16500000.0,110,2021.0,2,2,1
959,Honda New Scoopy Stylish,10,18500000.0,110,2019.0,2,3,1
960,Honda Scoopy,10,13000000.0,110,2015.0,2,5,1
961,Honda Beat Esp Cbs Iss Dlx,10,16500000.0,110,2020.0,2,4,1
962,Honda Vario 125 Esp Cbs,10,15500000.0,125,2017.0,2,5,1
963,Honda Beat,15,13000000.0,110,2018.0,2,3,1
964,Honda Beat,15,13000000.0,110,2018.0,2,5,1
965,Honda Vario 125 Esp Cbs,15,18500000.0,125,2020.0,2,3,1
0,Yamaha Nmax Abs,9,24500000.0,125,2018.0,2,3,2
1,Yamaha Nmax Abs,9,23500000.0,155,2018.0,1,5,2
2,Kawasaki Klx 150,13,24500000.0,150,2017.0,1,5,2
4,Yamaha Nmax Abs,4,23500000.0,125,2018.0,1,5,2
6,Yamaha Nmax Abs,4,23500000.0,125,2018.0,2,5,2
7,Kawasaki Ninja R,9,22900000.0,150,2015.0,1,5,2
9,Kawasaki Ninja Rr,1,34500000.0,150,2015.0,1,2,2
10,Yamaha Nmax Abs,4,23500000.0,125,2019.0,2,3,2
11,Yamaha Aerox 155 Vva,9,24500000.0,125,2018.0,1,5,2
13,Kawasaki W 175 Cafe,10,23600000.0,175,2019.0,1,3,2
14,Kawasaki W 175 Cafe,10,21500000.0,175,2018.0,1,3,2
15,Yamaha Nmax Abs,4,23500000.0,155,2019.0,1,3,2
16,Yamaha Nmax Abs,9,23500000.0,125,2019.0,1,3,2
17,Yamaha Nmax Abs,9,24500000.0,125,2018.0,1,5,2
18,Yamaha Nmax Abs,9,24500000.0,125,2018.0,1,5,2
19,Yamaha Nmax Abs,9,23500000.0,155,2018.0,2,5,2
20,Yamaha Aerox 155 Vva,9,24500000.0,155,2018.0,2,5,2
21,Yamaha Aerox 155 Vva,9,24500000.0,155,2019.0,2,5,2
22,Yamaha Aerox 155 Vva,4,23500000.0,155,2018.0,1,3,2
23,Yamaha Nmax Abs,9,24500000.0,155,2018.0,1,3,2
24,Yamaha Nmax Abs,4,24500000.0,125,2019.0,2,3,2
25,Yamaha Aerox 155 Vva,9,23500000.0,125,2018.0,1,3,2
26,Yamaha Nmax Abs,9,24500000.0,125,2018.0,1,5,2
27,Yamaha Aerox 155 Vva,4,23500000.0,155,2019.0,1,3,2
29,Yamaha Aerox 155 Vva,4,23500000.0,125,2019.0,1,3,2
30,Yamaha Nmax Abs,9,23500000.0,125,2018.0,1,5,2
31,Yamaha Aerox 155 Vva,4,23500000.0,125,2018.0,1,5,2
32,Yamaha Aerox 155 Vva,4,23500000.0,155,2018.0,2,5,2
33,Yamaha Nmax Abs,4,23500000.0,155,2019.0,1,5,2
34,Yamaha Nmax Abs,9,24500000.0,125,2019.0,1,5,2
35,Yamaha Aerox 155 Vva,9,24500000.0,125,2018.0,1,3,2
36,Yamaha Nmax Abs,4,24500000.0,155,2018.0,1,3,2
37,Yamaha Aerox 155 Vva,4,24500000.0,125,2018.0,1,5,2
38,Yamaha Aerox 155 Vva,9,23500000.0,125,2019.0,2,3,2
39,Yamaha Aerox 155 Vva,9,24500000.0,125,2018.0,1,5,2
40,Yamaha Nmax Abs,9,24500000.0,125,2019.0,1,3,2
43,Yamaha Aerox 155 Vva,4,23500000.0,155,2019.0,2,5,2
45,Kawasaki Klx 150 G,6,23800000.0,150,2019.0,2,2,2
46,Yamaha Aerox 155 Vva,9,23500000.0,155,2019.0,1,3,2
47,Kawasaki Klx 150 Bf Se,6,28800000.0,150,2019.0,2,2,2
48,Kawasaki Ninja,4,27500000.0,150,2019.0,1,3,2
49,Yamaha Aerox 155 Vva,4,23500000.0,125,2018.0,1,5,2
50,Yamaha Aerox 155 Vva,9,23500000.0,155,2018.0,1,3,2
52,Kawasaki D Tracker 150,9,27500000.0,150,2019.0,1,3,2
53,Kawasaki Klx 150,9,23500000.0,150,2017.0,1,3,2
54,Yamaha Aerox 155 Vva,4,24500000.0,125,2019.0,1,5,2
55,Yamaha Nmax Abs,9,23500000.0,155,2019.0,2,3,2
56,Kawasaki D-tracker 150,9,19500000.0,150,2015.0,1,3,2
57,Yamaha Nmax Abs,4,23500000.0,155,2018.0,2,3,2
61,Kawasaki Klx 150 G,6,24500000.0,150,2019.0,2,2,2
62,Yamaha Nmax Abs,4,23500000.0,125,2019.0,1,3,2
64,Yamaha Nmax Abs,4,23500000.0,155,2019.0,2,3,2
65,Yamaha Aerox 155 Vva,9,23500000.0,125,2019.0,2,3,2
66,Yamaha Nmax Abs,4,24500000.0,125,2018.0,1,3,2
67,Kawasaki Klx 150 G,6,24000000.0,150,2019.0,2,2,2
68,Yamaha Aerox 155 Vva,9,24500000.0,155,2019.0,2,5,2
69,Kawasaki D-tracker 150,9,19500000.0,150,2015.0,1,3,2
70,Yamaha Nmax Abs,9,23500000.0,125,2018.0,2,3,2
71,Kawasaki W 175 Cafe,11,24500000.0,175,2019.0,1,4,2
73,Yamaha Nmax Abs,9,24500000.0,155,2018.0,2,3,2
74,Kawasaki Klx 150 Bf Se,11,30700000.0,125,2019.0,1,3,2
76,Kawasaki W175 Se,11,23800000.0,175,2018.0,2,3,2
80,Yamaha Nmax Abs,4,23500000.0,125,2018.0,2,5,2
81,Kawasaki W175 Se,11,23600000.0,175,2018.0,1,3,2
83,Yamaha Aerox 155 Vva,9,23500000.0,125,2019.0,1,5,2
84,Kawasaki Klx 150,9,23500000.0,150,2017.0,1,3,2
85,Kawasaki D-tracker 150 Se,5,27500000.0,150,2017.0,1,3,2
87,Kawasaki D-tracker 150,12,27500000.0,150,2019.0,1,5,2
88,Kawasaki D Tracker 150,1,27500000.0,150,2019.0,1,4,2
90,Kawasaki W 175 Cafe,2,22500000.0,150,2019.0,1,4,2
93,Kawasaki W 175 Cafe,9,23900000.0,175,2020.0,1,3,2
94,Kawasaki D Tracker X,15,31100000.0,150,2019.0,1,4,2
95,Yamaha Aerox 155 Vva,9,24500000.0,155,2019.0,2,5,2
0,Suzuki Gsx R150,13,16900000.0,150,2017.0,1,5,3
1,Suzuki Satria Fu 150,10,10500000.0,150,2015.0,2,5,3
2,Yamaha Aerox 155 Vva,4,23500000.0,155,2019.0,2,5,3
3,Yamaha Nmax Abs,4,24500000.0,125,2019.0,1,5,3
4,Suzuki Gsx R150,4,23500000.0,150,2021.0,1,4,3
5,Yamaha Aerox 155 Vva,9,23500000.0,125,2019.0,2,3,3
6,Yamaha Nmax Abs,4,23500000.0,155,2018.0,2,5,3
7,Suzuki Gsx R150,6,16500000.0,150,2018.0,2,2,3
8,Suzuki Gsx R150,4,23500000.0,150,2021.0,1,4,3
9,Suzuki Gsx 150 Bandit,9,18500000.0,150,2018.0,1,5,3
10,Suzuki Satria F 150,12,12500000.0,150,2017.0,2,3,3
11,Suzuki Gsx R150,4,17500000.0,150,2019.0,1,3,3
12,Yamaha Aerox 155 Vva,4,23500000.0,125,2018.0,2,3,3
13,Yamaha Nmax Abs,9,24500000.0,155,2019.0,2,5,3
14,Suzuki Gsx R150,9,18500000.0,150,2018.0,1,5,3
15,Suzuki Gsx R150,9,15500000.0,150,2017.0,2,3,3
16,Suzuki Satria F150 Fighter,9,9850000.0,150,2015.0,1,5,3
17,Suzuki Gsx R150,4,23500000.0,150,2021.0,1,4,3
18,Yamaha Nmax Abs,4,23500000.0,155,2019.0,1,3,3
19,Yamaha Aerox 155 Vva,9,24500000.0,155,2018.0,1,3,3
20,Suzuki Gsx R150,2,15500000.0,150,2017.0,1,4,3
21,Yamaha Aerox 155 Vva,9,23500000.0,155,2018.0,1,3,3
22,Suzuki Satria Fu 150 Mfx,10,11850000.0,150,2017.0,2,5,3
